date,c2_workouts,c2_distance_m,c2_work_time_s,c2_avg_watts,c2_avg_hr,c2_total_cal,whoop_workouts,whoop_duration_min,whoop_activity_strain,whoop_energy_cal,whoop_avg_hr,whoop_max_hr,whoop_recovery_pct,whoop_rhr_bpm,whoop_hrv_ms,whoop_skin_temp_c,whoop_blood_oxygen_pct,whoop_day_strain,whoop_day_energy_cal,whoop_sleep_performance_pct,whoop_sleep_efficiency_pct,whoop_asleep_min,whoop_in_bed_min,whoop_light_sleep_min,whoop_deep_sleep_min,whoop_rem_sleep_min,whoop_awake_min,whoop_sleep_need_min,whoop_sleep_debt_min,apple_Body temperature(degF),apple_Event: High heart rate,apple_Event: Irregular heart rhythm,apple_Event: Low heart rate,apple_Heart rate(count/min),apple_Heart rate variability (SDNN)(ms),apple_Respiratory Rate(count/min),apple_Resting heart rate(count/min),apple_State of Mind(Valence),apple_Time REM(hr),apple_Time asleep(hr),apple_Time awake(hr),apple_Time core(hr),apple_Time deep(hr),apple_Time in bed(hr),apple_Time in daylight(min),apple_VO2 Max(mL/minÂ·kg),apple_Walking asymmetry percentage(%),apple_Walking double support percentage(%),apple_Walking heart rate average(count/min),apple_Walking speed(mi/hr),apple_Walking steadiness(%),apple_Walking steadiness notification,apple_Walking step length(in),apple_Wrist temperature(degF)
2021-06-24,,,,,,,1.0,50.0,13.5,612.0,146.0,171.0,68.0,45.0,56.0,,,13.65,1597.0,82.0,83.0,,,,,,,,,,,,,,,,,,,,,,,,,,,,,,,,,
2021-06-25,,,,,,,1.0,40.0,13.4,487.0,145.0,176.0,,,,,,,,,,398.0,484.0,290.0,84.0,24.0,86.0,483.0,0.0,,,,,,,,,,,,,,,,,,,,,,,,,
2021-06-26,,,,,,,,,,,,,74.0,44.5,61.5,,,9.45,2045.5,79.0,91.0,370.0,433.0,280.0,65.0,25.0,63.0,516.0,40.0,,,,,,,,,,,,,,,,,,,,,,,,,
2021-06-27,,,,,,,1.0,44.0,14.0,548.0,144.0,180.0,68.0,43.0,56.0,,,12.9,2216.0,80.0,84.0,443.0,476.0,330.0,84.0,29.0,33.0,513.0,62.0,,,,,,,,,,,,,,,,,,,,,,,,,
2021-06-28,,,,,,,1.0,20.0,11.9,308.0,156.0,177.0,61.0,47.0,47.0,,,4.3,1888.0,98.0,91.0,419.0,497.0,282.0,92.0,45.0,78.0,525.0,40.0,,,,,,,,,,,,,,,,,,,,,,,,,
2021-06-29,,,,,,,1.0,50.0,4.1,69.0,76.0,118.0,45.0,45.0,45.0,,,15.6,2396.0,98.0,95.0,509.0,557.0,367.0,87.0,55.0,48.0,517.0,44.0,,,,,,,,,,,,,,,,,,,,,,,,,
2021-06-30,,,,,,,1.0,43.0,15.1,629.0,152.0,177.0,50.0,45.0,49.0,,,15.1,2314.0,93.0,92.0,448.0,476.0,314.0,111.0,23.0,28.0,456.0,5.0,,,,,,,,,,,,,,,,,,,,,,,,,
2021-07-01,,,,,,,1.0,41.0,14.7,593.0,152.0,181.0,48.0,48.0,47.0,,,14.1,2428.0,100.0,75.0,460.0,496.0,302.0,96.0,62.0,36.0,495.0,5.0,,,,,,,,,,,,,,,,,,,,,,,,,
2021-07-02,,,,,,,1.0,37.0,13.7,487.0,146.0,176.0,71.0,46.0,51.0,,,4.2,1737.0,90.0,92.0,506.0,676.0,311.0,108.0,87.0,170.0,505.0,20.0,,,,,,,,,,,,,,,,,,,,,,,,,
2021-07-03,,,,,,,,,,,,,63.0,47.0,48.0,,,4.0,1731.0,100.0,87.0,429.0,465.0,273.0,84.0,72.0,36.0,479.0,0.0,,,,,,,,,,,,,,,,,,,,,,,,,
2021-07-04,,,,,,,,,,,,,98.0,42.0,66.0,,,13.7,2386.0,100.0,94.0,477.0,544.0,273.0,112.0,92.0,67.0,473.0,22.0,,,,,,,,,,,,,,,,,,,,,,,,,
2021-07-05,,,,,,,1.0,50.0,12.5,534.0,133.0,155.0,90.0,43.0,61.0,,,16.2,2521.0,97.0,84.0,478.0,507.0,293.0,106.0,79.0,29.0,450.0,0.0,,,,,,,,,,,,,,,,,,,,,,,,,
2021-07-06,,,,,,,2.0,48.0,19.8,610.0,132.0,183.0,73.0,45.0,54.0,,,15.8,2703.0,100.0,84.0,465.0,549.0,271.0,100.0,94.0,84.0,477.0,0.0,,,,,,,,,,,,,,,,,,,,,,,,,
2021-07-07,,,,,,,1.0,45.0,15.2,647.0,153.0,185.0,,,,,,,,,,502.0,611.0,320.0,92.0,90.0,109.0,502.0,8.0,,,,,,,,,,,,,,,,,,,,,,,,,
2021-07-08,,,,,,,1.0,43.0,14.9,635.0,155.0,179.0,84.0,44.5,65.5,,,15.35,2322.5,95.5,93.5,447.0,476.0,353.0,67.0,27.0,29.0,490.0,0.0,,,,,,,,,,,,,,,,,,,,,,,,,
2021-07-09,,,,,,,1.0,45.0,15.5,625.0,150.0,186.0,74.0,45.0,60.0,,,15.3,2354.0,100.0,87.0,548.0,594.0,328.0,103.0,117.0,46.0,506.0,20.0,,,,,,,,,,,,,,,,,,,,,,,,,
2021-07-10,,,,,,,2.0,40.0,18.8,571.0,149.5,180.0,76.0,51.0,64.0,,,4.0,1728.0,100.0,98.0,486.0,566.0,306.0,100.0,80.0,80.0,488.0,0.0,,,,,,,,,,,,,,,,,,,,,,,,,
2021-07-11,,,,,,,,,,,,,50.0,49.0,51.0,,,5.9,1807.0,100.0,94.0,488.0,505.0,276.0,92.0,120.0,17.0,487.0,0.0,,,,,,,,,,,,,,,,,,,,,,,,,
2021-07-12,,,,,,,,,,,,,24.0,54.0,41.0,,,4.2,1749.0,100.0,81.0,562.0,594.0,395.0,103.0,64.0,32.0,450.0,0.0,,,,,,,,,,,,,,,,,,,,,,,,,
2021-07-13,,,,,,,,,,,,,56.0,43.0,50.0,,,12.4,2484.0,100.0,92.0,468.0,578.0,288.0,161.0,19.0,110.0,452.0,0.0,,,,,,,,,,,,,,,,,,,,,,,,,
2021-07-14,,,,,,,1.0,54.0,12.1,574.0,134.0,141.0,67.0,44.0,56.0,,,10.4,2055.0,85.0,91.0,503.0,551.0,405.0,85.0,13.0,48.0,451.0,0.0,,,,,,,,,,,,,,,,,,,,,,,,,
2021-07-15,,,,,,,1.0,42.0,10.3,421.0,132.0,150.0,32.0,47.0,40.0,,,8.3,1906.0,69.0,96.0,399.0,443.0,217.0,75.0,107.0,44.0,470.0,0.0,,,,,,,,,,,,,,,,,,,,,,,,,
2021-07-16,,,,,,,,,,,,,,,,,,,,,,343.0,360.0,233.0,99.0,11.0,17.0,495.0,33.0,,,,,,,,,,,,,,,,,,,,,,,,,
2021-07-17,,,,,,,,,,,,,53.0,46.0,46.0,,,1.0,1725.0,85.0,95.0,445.0,468.0,369.0,66.0,10.0,23.0,525.0,69.0,,,,,,,,,,,,,,,,,,,,,,,,,
2021-07-18,,,,,,,,,,,,,73.5,46.5,56.5,,,10.149999999999999,2141.5,71.5,95.5,275.0,297.0,188.0,68.0,19.0,22.0,483.0,33.0,,,,,,,,,,,,,,,,,,,,,,,,,
2021-07-19,,,,,,,1.0,51.0,16.0,751.0,156.0,182.0,66.0,44.0,53.0,,,16.4,2354.0,82.0,93.0,469.0,484.0,374.0,56.0,39.0,15.0,547.0,96.0,,,,,,,,,,,,,,,,,,,,,,,,,
2021-07-20,,,,,,,1.0,51.0,16.3,772.0,158.0,180.0,68.0,44.0,52.0,,,4.0,1795.0,95.0,88.0,428.0,461.0,314.0,96.0,18.0,33.0,525.0,31.0,,,,,,,,,,,,,,,,,,,,,,,,,
2021-07-21,,,,,,,,,,,,,55.0,44.0,48.0,,,15.6,2468.0,100.0,92.0,511.0,596.0,364.0,111.0,36.0,85.0,535.0,40.0,,,,,,,,,,,,,,,,,,,,,,,,,
2021-07-22,,,,,,,1.0,46.0,15.5,640.0,151.0,186.0,83.0,44.0,60.0,,,13.9,2171.0,84.0,95.0,532.0,585.0,347.0,125.0,60.0,53.0,465.0,14.0,,,,,,,,,,,,,,,,,,,,,,,,,
2021-07-23,,,,,,,1.0,42.0,13.8,549.0,146.0,181.0,60.0,44.0,51.0,,,15.8,2542.0,100.0,91.0,412.0,441.0,263.0,82.0,67.0,29.0,489.0,0.0,,,,,,,,,,,,,,,,,,,,,,,,,
2021-07-24,,,,,,,1.0,37.0,15.2,596.0,160.0,178.0,52.0,46.0,49.0,,,4.9,1682.0,83.0,96.0,543.0,596.0,343.0,124.0,76.0,53.0,514.0,35.0,,,,,,,,,,,,,,,,,,,,,,,,,
2021-07-25,,,,,,,1.0,40.0,4.6,86.0,89.0,140.0,61.0,48.0,51.0,,,12.8,2342.0,100.0,90.0,407.0,434.0,306.0,79.0,22.0,27.0,491.0,0.0,,,,,,,,,,,,,,,,,,,,,,,,,
2021-07-26,,,,,,,1.0,30.0,12.6,415.0,149.0,179.0,,,,,,,,,,525.0,585.0,240.0,129.0,156.0,60.0,489.0,38.0,,,,,,,,,,,,,,,,,,,,,,,,,
2021-07-27,,,,,,,2.0,99.0,18.1,791.0,112.5,160.0,43.0,49.0,47.0,,,13.5,2428.0,74.0,89.0,351.0,391.0,238.0,63.0,50.0,40.0,471.0,0.0,,,,,,,,,,,,,,,,,,,,,,,,,
2021-07-28,,,,,,,,,,,,,79.0,44.0,56.0,,,8.45,2046.0,87.5,92.0,408.0,432.0,233.0,78.0,97.0,24.0,534.0,58.0,,,,,,,,,,,,,,,,,,,,,,,,,
2021-07-29,,,,,,,1.0,40.0,15.3,624.0,158.0,178.0,84.0,43.0,57.0,,,13.0,2148.0,86.0,92.0,496.0,554.0,299.0,115.0,82.0,58.0,503.0,53.0,,,,,,,,,,,,,,,,,,,,,,,,,
2021-07-30,,,,,,,1.0,30.0,12.7,406.0,148.0,182.0,79.0,47.0,56.0,,,15.7,2437.0,96.0,93.0,420.0,461.0,276.0,87.0,57.0,41.0,491.0,2.0,,,,,,,,,,,,,,,,,,,,,,,,,
2021-07-31,,,,,,,1.0,37.0,15.1,578.0,159.0,180.0,83.0,42.0,58.0,,,11.0,2201.0,93.0,97.0,484.0,523.0,301.0,117.0,66.0,39.0,504.0,31.0,,,,,,,,,,,,,,,,,,,,,,,,,
2021-08-01,,,,,,,1.0,44.0,10.7,442.0,131.0,142.0,73.0,42.0,57.0,,,4.0,1667.0,90.0,90.0,468.0,494.0,282.0,125.0,61.0,26.0,501.0,11.0,,,,,,,,,,,,,,,,,,,,,,,,,
2021-08-02,,,,,,,,,,,,,65.0,42.0,56.0,,,17.4,2583.0,100.0,92.0,435.0,493.0,226.0,115.0,94.0,58.0,484.0,20.0,,,,,,,,,,,,,,,,,,,,,,,,,
2021-08-03,,,,,,,1.0,58.0,17.3,906.0,160.0,182.0,91.0,43.0,62.0,,,14.7,2400.0,89.0,92.0,483.0,535.0,260.0,130.0,93.0,52.0,479.0,28.0,,,,,,,,,,,,,,,,,,,,,,,,,
2021-08-04,,,,,,,1.0,33.0,14.5,517.0,160.0,182.0,,,,,,,,,,447.0,493.0,261.0,93.0,93.0,46.0,502.0,0.0,,,,,,,,,,,,,,,,,,,,,,,,,
2021-08-05,,,,,,,1.0,31.0,13.7,461.0,154.0,182.0,65.5,45.0,54.0,,,14.25,2112.0,80.5,94.0,434.0,447.0,274.0,68.0,92.0,13.0,507.0,24.0,,,,,,,,,,,,,,,,,,,,,,,,,
2021-08-06,,,,,,,1.0,35.0,14.5,531.0,157.0,185.0,65.0,42.0,54.0,,,16.2,2574.0,100.0,92.0,390.0,434.0,278.0,60.0,52.0,44.0,511.0,33.0,,,,,,,,,,,,,,,,,,,,,,,,,
2021-08-07,,,,,,,1.0,60.0,16.1,859.0,153.0,174.0,34.0,51.0,40.0,,,,581.0,82.0,86.0,566.0,612.0,285.0,131.0,150.0,46.0,536.0,53.0,,,,,,,,,,,,,,,,,,,,,,,,,
2021-08-08,,,,,,,,,,,,,,,,,,,4.0,,,407.0,470.0,256.0,70.0,81.0,63.0,493.0,0.0,,,,,,,,,,,,,,,,,,,,,,,,,
2021-08-09,,,,,,,,,,,,,,,,,,,4.0,,,,,,,,,,,,,,,,,,,,,,,,,,,,,,,,,,,
2021-08-10,,,,,,,,,,,,,,,,,,,4.0,,,,,,,,,,,,,,,,,,,,,,,,,,,,,,,,,,,
2021-08-11,,,,,,,,,,,,,,,,,,11.4,650.0,,,,,,,,,,,,,,,,,,,,,,,,,,,,,,,,,,,
2021-08-12,,,,,,,1.0,30.0,11.0,354.0,139.0,165.0,71.0,42.0,51.0,,,4.0,1596.0,82.0,95.0,,,,,,,,,,,,,,,,,,,,,,,,,,,,,,,,,
2021-08-13,,,,,,,,,,,,,68.0,42.0,48.0,,,17.5,2690.0,100.0,94.0,415.0,449.0,253.0,127.0,35.0,34.0,505.0,40.0,,,,,,,,,,,,,,,,,,,,,,,,,
2021-08-14,,,,,,,1.0,62.0,17.3,954.0,157.0,182.0,92.0,42.0,59.0,,,19.1,3361.0,100.0,89.0,506.0,543.0,337.0,107.0,62.0,37.0,491.0,40.0,,,,,,,,,,,,,,,,,,,,,,,,,
2021-08-15,,,,,,,1.0,91.0,18.5,1336.0,154.0,188.0,71.0,47.0,51.0,,,4.2,1640.0,84.0,88.0,589.0,656.0,403.0,128.0,58.0,67.0,502.0,0.0,,,,,,,,,,,,,,,,,,,,,,,,,
2021-08-16,,,,,,,,,,,,,72.0,41.0,50.0,,,5.5,1803.0,100.0,83.0,431.0,490.0,279.0,56.0,96.0,59.0,514.0,0.0,,,,,,,,,,,,,,,,,,,,,,,,,
2021-08-17,,,,,,,,,,,,,56.0,42.0,48.0,,,16.0,2625.0,100.0,94.0,498.0,595.0,324.0,116.0,58.0,97.0,486.0,35.0,,,,,,,,,,,,,,,,,,,,,,,,,
2021-08-18,,,,,,,1.0,45.0,15.8,698.0,158.0,178.0,89.0,43.0,58.0,,,15.2,2254.0,92.0,95.0,547.0,589.0,315.0,114.0,118.0,42.0,452.0,0.0,,,,,,,,,,,,,,,,,,,,,,,,,
2021-08-19,,,,,,,1.0,38.0,15.0,585.0,159.0,177.0,74.0,43.0,53.0,,,3.8,1723.0,100.0,94.0,454.0,474.0,301.0,124.0,29.0,20.0,492.0,0.0,,,,,,,,,,,,,,,,,,,,,,,,,
2021-08-20,,,,,,,,,,,,,79.0,41.0,53.0,,,3.7,1835.0,100.0,93.0,528.0,555.0,286.0,133.0,109.0,27.0,504.0,17.0,,,,,,,,,,,,,,,,,,,,,,,,,
2021-08-21,,,,,,,,,,,,,47.0,43.0,47.0,,,20.5,3535.0,76.0,90.0,621.0,666.0,421.0,110.0,90.0,45.0,450.0,0.0,,,,,,,,,,,,,,,,,,,,,,,,,
2021-08-22,,,,,,,1.0,120.0,20.3,1842.0,158.0,186.0,60.0,42.0,49.0,,,3.0,1793.0,86.0,91.0,343.0,381.0,184.0,113.0,46.0,38.0,450.0,0.0,,,,,,,,,,,,,,,,,,,,,,,,,
2021-08-23,,,,,,,,,,,,,26.0,47.0,42.0,,,4.2,1722.0,95.0,88.0,495.0,543.0,319.0,137.0,39.0,48.0,576.0,53.0,,,,,,,,,,,,,,,,,,,,,,,,,
2021-08-24,,,,,,,,,,,,,78.0,41.0,52.0,,,14.4,2291.0,100.0,88.0,457.0,515.0,301.0,106.0,50.0,58.0,481.0,31.0,,,,,,,,,,,,,,,,,,,,,,,,,
2021-08-25,,,,,,,1.0,36.0,14.2,544.0,154.0,172.0,82.0,43.0,55.0,,,13.2,2241.0,99.0,95.0,495.0,572.0,252.0,133.0,110.0,77.0,465.0,14.0,,,,,,,,,,,,,,,,,,,,,,,,,
2021-08-26,,,,,,,1.0,43.0,13.0,450.0,128.0,175.0,59.0,43.0,49.0,,,16.0,2436.0,92.0,87.0,475.0,505.0,319.0,102.0,54.0,30.0,480.0,0.0,,,,,,,,,,,,,,,,,,,,,,,,,
2021-08-27,,,,,,,1.0,58.0,15.7,818.0,151.0,173.0,81.0,43.0,53.0,,,15.8,2668.0,100.0,88.0,439.0,503.0,276.0,100.0,63.0,64.0,476.0,2.0,,,,,,,,,,,,,,,,,,,,,,,,,
2021-08-28,,,,,,,1.0,50.0,15.7,734.0,154.0,172.0,,,,,,,,,,567.0,668.0,404.0,89.0,74.0,101.0,509.0,17.0,,,,,,,,,,,,,,,,,,,,,,,,,
2021-08-29,,,,,,,1.0,51.0,16.9,811.0,160.0,183.0,91.0,43.5,65.5,,,10.55,2048.5,86.0,89.5,417.0,452.0,259.0,70.0,88.0,35.0,490.0,0.0,,,,,,,,,,,,,,,,,,,,,,,,,
2021-08-30,,,,,,,,,,,,,53.0,45.0,47.0,,,4.0,1783.0,100.0,89.0,466.0,546.0,262.0,92.0,112.0,80.0,533.0,33.0,,,,,,,,,,,,,,,,,,,,,,,,,
2021-08-31,,,,,,,,,,,,,70.0,40.0,53.0,,,15.2,2609.0,100.0,93.0,543.0,612.0,298.0,160.0,85.0,69.0,479.0,29.0,,,,,,,,,,,,,,,,,,,,,,,,,
2021-09-01,,,,,,,1.0,46.0,15.2,675.0,154.0,173.0,,,,,,,,,,532.0,582.0,372.0,94.0,66.0,50.0,450.0,0.0,,,,,,,,,,,,,,,,,,,,,,,,,
2021-09-02,,,,,,,1.0,44.0,12.4,496.0,135.0,163.0,46.5,44.0,45.5,,,14.5,2237.0,76.5,92.5,319.0,350.0,149.0,76.0,94.0,31.0,486.0,0.0,,,,,,,,,,,,,,,,,,,,,,,,,
2021-09-03,,,,,,,1.0,45.0,16.2,723.0,160.0,179.0,54.0,44.0,46.0,,,18.3,2908.0,100.0,89.0,477.0,505.0,294.0,93.0,90.0,28.0,546.0,76.0,,,,,,,,,,,,,,,,,,,,,,,,,
2021-09-04,,,,,,,1.0,68.0,18.1,1067.0,159.0,186.0,65.0,43.0,49.0,,,14.4,2152.0,88.0,95.0,528.0,591.0,298.0,155.0,75.0,63.0,525.0,29.0,,,,,,,,,,,,,,,,,,,,,,,,,
2021-09-05,,,,,,,1.0,26.0,14.1,429.0,163.0,181.0,79.0,44.0,54.0,,,16.5,2724.0,87.0,92.0,446.0,468.0,289.0,99.0,58.0,22.0,508.0,0.0,,,,,,,,,,,,,,,,,,,,,,,,,
2021-09-06,,,,,,,1.0,75.0,16.2,997.0,148.0,167.0,44.0,45.0,43.0,,,13.3,2119.0,73.0,96.0,440.0,476.0,285.0,98.0,57.0,36.0,508.0,26.0,,,,,,,,,,,,,,,,,,,,,,,,,
2021-09-07,,,,,,,1.0,32.0,13.2,458.0,151.0,174.0,57.0,41.0,47.0,,,15.9,2563.0,89.0,93.0,381.0,407.0,250.0,94.0,37.0,26.0,524.0,29.0,,,,,,,,,,,,,,,,,,,,,,,,,
2021-09-08,,,,,,,1.0,56.0,15.7,790.0,151.0,171.0,53.0,43.0,45.0,,,14.2,2330.0,73.0,93.0,476.0,517.0,319.0,104.0,53.0,41.0,535.0,60.0,,,,,,,,,,,,,,,,,,,,,,,,,
2021-09-09,,,,,,,1.0,45.0,14.0,608.0,148.0,166.0,84.0,41.0,53.0,,,13.9,2327.0,89.0,92.0,380.0,408.0,235.0,73.0,72.0,28.0,523.0,31.0,,,,,,,,,,,,,,,,,,,,,,,,,
2021-09-10,,,,,,,1.0,46.0,13.8,603.0,147.0,172.0,50.0,42.0,43.0,,,16.3,2510.0,86.0,95.0,479.0,520.0,326.0,109.0,44.0,41.0,540.0,60.0,,,,,,,,,,,,,,,,,,,,,,,,,
2021-09-11,,,,,,,1.0,60.0,16.2,863.0,153.0,174.0,52.0,43.0,43.0,,,14.8,2424.0,87.0,85.0,438.0,463.0,291.0,101.0,46.0,25.0,509.0,31.0,,,,,,,,,,,,,,,,,,,,,,,,,
2021-09-12,,,,,,,1.0,52.0,14.6,685.0,146.0,168.0,70.0,44.0,48.0,,,15.4,2494.0,95.0,89.0,467.0,545.0,244.0,134.0,89.0,78.0,534.0,40.0,,,,,,,,,,,,,,,,,,,,,,,,,
2021-09-13,,,,,,,1.0,52.0,15.2,709.0,149.0,169.0,33.0,49.0,36.0,,,4.1,1896.0,97.0,95.0,495.0,557.0,347.0,107.0,41.0,62.0,521.0,37.0,,,,,,,,,,,,,,,,,,,,,,,,,
2021-09-14,,,,,,,,,,,,,,,,,,,,,,487.0,519.0,359.0,96.0,32.0,32.0,502.0,14.0,,,,,,,,,,,,,,,,,,,,,,,,,
2021-09-15,,,,,,,1.0,62.0,15.2,816.0,146.0,162.0,45.5,46.0,39.5,,,14.850000000000001,2442.5,87.0,90.0,339.0,380.0,229.0,80.0,30.0,41.0,459.0,8.0,,,,,,,,,,,,,,,,,,,,,,,,,
2021-09-16,,,,,,,1.0,56.0,13.8,683.0,141.0,157.0,59.0,42.0,43.0,,,,1673.0,89.0,90.0,549.0,612.0,296.0,176.0,77.0,63.0,549.0,58.0,,,,,,,,,,,,,,,,,,,,,,,,,
2021-09-17,,,,,,,,,,,,,65.0,41.0,44.0,,,4.2,1733.0,100.0,91.0,424.0,467.0,297.0,87.0,40.0,43.0,477.0,0.0,,,,,,,,,,,,,,,,,,,,,,,,,
2021-09-18,,,,,,,,,,,,,80.0,40.0,49.0,,,14.7,2366.0,100.0,81.0,534.0,595.0,329.0,120.0,85.0,61.0,480.0,31.0,,,,,,,,,,,,,,,,,,,,,,,,,
2021-09-19,,,,,,,1.0,45.0,14.6,643.0,151.0,181.0,78.0,41.0,48.0,,,14.7,2364.0,100.0,92.0,500.0,613.0,264.0,126.0,110.0,113.0,450.0,0.0,,,,,,,,,,,,,,,,,,,,,,,,,
2021-09-20,,,,,,,1.0,41.0,14.6,590.0,153.0,178.0,72.0,42.0,48.0,,,6.0,1714.0,86.0,83.0,507.0,550.0,267.0,147.0,93.0,43.0,483.0,0.0,,,,,,,,,,,,,,,,,,,,,,,,,
2021-09-21,,,,,,,,,,,,,63.0,43.0,45.0,,,15.9,2632.0,100.0,86.0,413.0,492.0,271.0,103.0,39.0,79.0,483.0,0.0,,,,,,,,,,,,,,,,,,,,,,,,,
2021-09-22,,,,,,,1.0,62.0,15.9,847.0,150.0,173.0,93.0,41.0,56.0,,,13.6,2365.0,96.0,88.0,515.0,602.0,332.0,131.0,52.0,87.0,483.0,31.0,,,,,,,,,,,,,,,,,,,,,,,,,
2021-09-23,,,,,,,1.0,57.0,13.5,661.0,140.0,161.0,52.0,47.0,45.0,,,13.4,2271.0,98.0,89.0,471.0,544.0,334.0,68.0,69.0,73.0,491.0,0.0,,,,,,,,,,,,,,,,,,,,,,,,,
2021-09-24,,,,,,,1.0,45.0,13.3,565.0,143.0,168.0,94.0,43.0,59.0,,,16.7,2450.0,100.0,93.0,480.0,535.0,274.0,114.0,92.0,55.0,487.0,11.0,,,,,,,,,,,,,,,,,,,,,,,,,
2021-09-25,,,,,,,1.0,55.0,16.6,837.0,156.0,173.0,70.0,48.0,52.0,,,14.8,2590.0,99.0,82.0,514.0,555.0,320.0,98.0,96.0,41.0,480.0,5.0,,,,,,,,,,,,,,,,,,,,,,,,,
2021-09-26,,,,,,,1.0,63.0,14.7,779.0,141.0,167.0,96.0,41.0,59.0,,,14.1,2204.0,100.0,95.0,494.0,603.0,266.0,116.0,112.0,109.0,497.0,0.0,,,,,,,,,,,,,,,,,,,,,,,,,
2021-09-27,,,,,,,1.0,36.0,14.0,528.0,153.0,179.0,77.0,42.0,55.0,,,7.2,1831.0,83.0,87.0,488.0,517.0,322.0,95.0,71.0,29.0,487.0,2.0,,,,,,,,,,,,,,,,,,,,,,,,,
2021-09-28,,,,,,,,,,,,,70.0,41.0,53.0,,,16.6,2633.0,100.0,96.0,399.0,470.0,210.0,109.0,80.0,71.0,479.0,0.0,,,,,,,,,,,,,,,,,,,,,,,,,
2021-09-29,,,,,,,1.0,59.0,16.5,860.0,153.0,178.0,68.0,41.0,52.0,,,13.0,2139.0,98.0,94.0,551.0,583.0,305.0,163.0,83.0,32.0,492.0,38.0,,,,,,,,,,,,,,,,,,,,,,,,,
2021-09-30,,,,,,,1.0,33.0,12.9,450.0,148.0,172.0,63.0,42.0,49.0,,,17.1,2537.0,100.0,95.0,487.0,526.0,283.0,117.0,87.0,39.0,496.0,0.0,,,,,,,,,,,,,,,,,,,,,,,,,
2021-10-01,,,,,,,1.0,54.0,17.0,841.0,159.0,182.0,94.0,43.0,59.0,,,16.0,2519.0,100.0,97.0,484.0,511.0,281.0,115.0,88.0,27.0,478.0,5.0,,,,,,,,,,,,,,,,,,,,,,,,,
2021-10-02,,,,,,,1.0,54.0,15.8,781.0,154.0,167.0,69.0,42.0,51.0,,,15.7,2579.0,98.0,87.0,530.0,542.0,296.0,117.0,117.0,12.0,500.0,0.0,,,,,,,,,,,,,,,,,,,,,,,,,
2021-10-03,,,,,,,1.0,93.0,15.6,1037.0,136.0,161.0,92.0,43.0,62.0,,,13.3,2242.0,100.0,91.0,483.0,557.0,266.0,93.0,124.0,74.0,492.0,0.0,,,,,,,,,,,,,,,,,,,,,,,,,
2021-10-04,,,,,,,1.0,30.0,13.1,407.0,147.0,172.0,38.0,44.0,41.0,,,4.2,1709.0,94.0,88.0,597.0,653.0,399.0,73.0,125.0,56.0,495.0,5.0,,,,,,,,,,,,,,,,,,,,,,,,,
2021-10-05,,,,,,,,,,,,,42.0,45.0,40.0,,,17.3,2871.0,100.0,85.0,445.0,508.0,334.0,66.0,45.0,63.0,474.0,0.0,,,,,,,,,,,,,,,,,,,,,,,,,
2021-10-06,,,,,,,1.0,82.0,17.1,1116.0,148.0,175.0,70.0,43.0,50.0,,,14.9,2492.0,100.0,94.0,483.0,568.0,318.0,104.0,61.0,85.0,464.0,13.0,,,,,,,,,,,,,,,,,,,,,,,,,
2021-10-07,,,,,,,1.0,57.0,14.8,747.0,146.0,178.0,64.0,42.0,47.0,,,14.0,2542.0,87.0,92.0,541.0,573.0,279.0,167.0,95.0,32.0,501.0,0.0,,,,,,,,,,,,,,,,,,,,,,,,,
2021-10-08,,,,,,,1.0,60.0,13.9,709.0,139.0,164.0,,,,,,,,,,420.0,471.0,242.0,131.0,47.0,51.0,484.0,0.0,,,,,,,,,,,,,,,,,,,,,,,,,
2021-10-09,,,,,,,1.0,54.0,14.8,723.0,147.0,166.0,66.0,47.0,54.0,,,14.8,2473.0,90.0,98.0,454.0,460.0,263.0,98.0,93.0,6.0,507.0,29.0,,,,,,,,,,,,,,,,,,,,,,,,,
2021-10-10,,,,,,,1.0,62.0,14.5,770.0,142.0,165.0,69.5,46.0,51.5,,,17.0,2808.5,71.0,94.0,337.0,354.0,212.0,70.0,55.0,17.0,506.0,22.0,,,,,,,,,,,,,,,,,,,,,,,,,
2021-10-11,,,,,,,1.0,121.0,19.3,1685.0,150.0,178.0,59.0,43.0,46.0,,,5.0,1725.0,85.0,95.0,415.0,446.0,294.0,95.0,26.0,31.0,556.0,73.0,,,,,,,,,,,,,,,,,,,,,,,,,
2021-10-12,,,,,,,,,,,,,43.0,47.0,40.0,,,15.0,2574.0,100.0,82.0,489.0,522.0,267.0,108.0,114.0,33.0,572.0,56.0,,,,,,,,,,,,,,,,,,,,,,,,,
2021-10-13,,,,,,,1.0,70.0,14.9,872.0,143.0,156.0,81.0,44.0,53.0,,,15.4,2609.0,94.0,87.0,487.0,594.0,361.0,55.0,71.0,107.0,485.0,33.0,,,,,,,,,,,,,,,,,,,,,,,,,
2021-10-14,,,,,,,1.0,72.0,15.3,906.0,144.0,168.0,81.0,43.0,52.0,,,13.9,2261.0,100.0,95.0,454.0,529.0,280.0,109.0,65.0,75.0,485.0,0.0,,,,,,,,,,,,,,,,,,,,,,,,,
2021-10-15,,,,,,,1.0,42.0,13.8,568.0,147.0,181.0,79.0,43.0,54.0,,,17.2,2841.0,100.0,92.0,524.0,550.0,355.0,110.0,59.0,26.0,505.0,17.0,,,,,,,,,,,,,,,,,,,,,,,,,
2021-10-16,,,,,,,1.0,67.0,17.1,958.0,152.0,183.0,,,,,,,,,,552.0,599.0,395.0,121.0,36.0,47.0,478.0,0.0,,,,,,,,,,,,,,,,,,,,,,,,,
2021-10-17,,,,,,,1.0,66.0,16.7,952.0,153.0,181.0,66.5,50.0,56.5,,,8.65,2114.0,78.5,95.5,350.0,359.0,210.0,94.0,46.0,9.0,501.0,0.0,,,,,,,,,,,,,,,,,,,,,,,,,
2021-10-18,,,,,,,,,,,,,84.0,53.0,61.0,,,14.8,2348.0,100.0,89.0,493.0,540.0,302.0,110.0,81.0,47.0,565.0,67.0,,,,,,,,,,,,,,,,,,,,,,,,,
2021-10-19,,,,,,,1.0,32.0,14.6,507.0,160.0,181.0,89.0,51.0,62.0,,,13.3,2471.0,96.0,88.0,532.0,598.0,299.0,84.0,149.0,66.0,478.0,29.0,,,,,,,,,,,,,,,,,,,,,,,,,
2021-10-20,,,,,,,1.0,65.0,13.3,720.0,136.0,150.0,95.0,45.0,71.0,33.69,95.48,14.7,2469.0,86.0,95.0,464.0,527.0,272.0,86.0,106.0,63.0,484.0,0.0,,,,,,,,,,,,,,,,,,,,,,,,,
2021-10-21,,,,,,,1.0,65.0,14.6,815.0,143.0,160.0,90.0,48.0,72.0,34.3,96.85,16.3,2490.0,85.0,95.0,418.0,451.0,195.0,78.0,145.0,33.0,486.0,11.0,,,,,,,,,,,,,,,,,,,,,,,,,
2021-10-22,,,,,,,1.0,69.0,16.2,938.0,148.0,172.0,7.0,47.0,37.0,35.1,95.25,15.7,2842.0,16.0,100.0,439.0,469.0,291.0,65.0,83.0,30.0,514.0,31.0,,,,,,,,,,,,,,,,,,,,,,,,,
2021-10-23,,,,,,,1.0,71.0,15.6,910.0,146.0,172.0,,,,,,,,,,592.0,671.0,361.0,98.0,133.0,79.0,491.0,19.0,,,,,,,,,,,,,,,,,,,,,,,,,
2021-10-24,,,,,,,1.0,44.0,12.2,508.0,140.0,164.0,40.0,48.0,52.0,33.83,95.31,12.2,1860.0,81.5,92.5,333.0,376.0,236.0,60.0,37.0,43.0,420.0,5.0,,,,,,,,,,,,,,,,,,,,,,,,,
2021-10-25,,,,,,,,,,,,,34.0,50.0,42.0,34.6,95.78,15.4,2709.0,98.0,85.0,432.0,460.0,267.0,90.0,75.0,28.0,516.0,47.0,,,,,,,,,,,,,,,,,,,,,,,,,
2021-10-26,,,,,,,1.0,68.0,15.1,869.0,146.0,167.0,82.0,47.0,69.0,33.93,96.73,13.4,2310.0,67.0,94.0,472.0,557.0,267.0,108.0,97.0,85.0,484.0,35.0,,,,,,,,,,,,,,,,,,,,,,,,,
2021-10-27,,,,,,,1.0,54.0,13.4,647.0,143.0,176.0,53.0,50.0,57.0,,,4.0,1653.0,74.0,89.0,331.0,351.0,260.0,65.0,6.0,20.0,493.0,5.0,,,,,,,,,,,,,,,,,,,,,,,,,
2021-10-28,,,,,,,,,,,,,44.0,42.0,42.0,,,2.5,1348.0,94.0,95.0,408.0,460.0,164.0,99.0,145.0,52.0,549.0,73.0,,,,,,,,,,,,,,,,,,,,,,,,,
2021-10-29,,,,,,,,,,,,,,,,,,,,,,477.0,512.0,377.0,80.0,20.0,35.0,509.0,58.0,,,,,,,,,,,,,,,,,,,,,,,,,
2021-11-17,,,,,,,,,,,,,51.0,51.0,45.0,,,4.2,1670.0,99.0,89.0,,,,,,,,,,,,,,,,,,,,,,,,,,,,,,,,,
2021-11-18,,,,,,,,,,,,,81.0,50.0,61.0,,,4.1,1774.0,100.0,84.0,476.0,536.0,274.0,113.0,89.0,60.0,483.0,0.0,,,,,,,,,,,,,,,,,,,,,,,,,
2021-11-19,,,,,,,,,,,,,90.0,45.0,67.0,,,3.5,1775.0,100.0,94.0,477.0,565.0,226.0,92.0,159.0,88.0,453.0,2.0,,,,,,,,,,,,,,,,,,,,,,,,,
2021-11-20,,,,,,,,,,,,,84.0,57.0,63.0,,,5.5,1756.0,100.0,74.0,542.0,573.0,322.0,118.0,102.0,31.0,450.0,0.0,,,,,,,,,,,,,,,,,,,,,,,,,
2021-11-21,,,,,,,,,,,,,56.0,58.0,60.0,,,4.3,803.0,27.0,95.0,601.0,809.0,389.0,132.0,80.0,208.0,450.0,0.0,,,,,,,,,,,,,,,,,,,,,,,,,
2021-11-22,,,,,,,,,,,,,,,,,,,,,,348.0,419.0,200.0,82.0,66.0,71.0,515.0,63.5,,,,,,,,,,,,,,,,,,,,,,,,,
2021-11-30,,,,,,,,,,,,,64.0,45.0,52.0,34.0,95.85,3.2,997.5,82.0,87.0,,,,,,,,,,,,,,,,,,,,,,,,,,,,,,,,,
2021-12-01,,,,,,,,,,,,,73.0,45.0,57.0,33.9,96.03,2.0,1484.0,99.0,87.0,474.0,554.0,246.0,104.0,124.0,80.0,576.0,127.0,,,,,,,,,,,,,,,,,,,,,,,,,
2021-12-02,,,,,,,,,,,,,71.0,43.0,52.0,34.1,96.3,4.4,1777.0,100.0,91.0,496.0,575.0,340.0,83.0,73.0,79.0,502.0,51.0,,,,,,,,,,,,,,,,,,,,,,,,,
2021-12-03,,,,,,,,,,,,,64.0,45.0,49.0,33.9,96.0,4.0,1822.0,100.0,86.0,515.0,564.0,365.0,91.0,59.0,49.0,452.0,2.0,,,,,,,,,,,,,,,,,,,,,,,,,
2021-12-04,,,,,,,,,,,,,49.0,61.0,40.0,34.7,96.5,4.4,1096.0,100.0,94.0,484.0,562.0,311.0,101.0,72.0,78.0,451.0,0.0,,,,,,,,,,,,,,,,,,,,,,,,,
2021-12-05,,,,,,,,,,,,,,,,,,,,,,500.0,533.0,300.0,110.0,90.0,33.0,450.0,0.0,,,,,,,,,,,,,,,,,,,,,,,,,
2021-12-15,,,,,,,,,,,,,89.0,51.0,60.0,33.9,95.0,14.0,1102.5,94.0,90.0,,,,,,,,,,,,,,,,,,,,,,,,,,,,,,,,,
2021-12-16,,,,,,,1.0,35.0,13.9,513.0,155.0,177.0,98.0,49.0,91.0,34.27,97.09,14.3,2231.0,97.0,95.0,423.0,480.0,286.0,85.0,52.0,57.0,448.0,0.0,,,,,,,,,,,,,,,,,,,,,,,,,
2021-12-17,,,,,,,1.0,40.0,14.3,569.0,155.0,181.0,64.0,47.0,55.0,34.6,96.09,18.0,2734.0,100.0,94.0,478.0,501.0,318.0,79.0,81.0,23.0,492.0,13.0,,,,,,,,,,,,,,,,,,,,,,,,,
2021-12-18,,,,,,,1.0,72.0,17.9,1097.0,159.0,179.0,49.0,48.0,45.0,34.3,97.0,13.8,2248.0,100.0,88.0,494.0,537.0,340.0,97.0,57.0,43.0,487.0,6.0,,,,,,,,,,,,,,,,,,,,,,,,,
2021-12-19,,,,,,,1.0,37.0,13.6,519.0,151.0,171.0,61.0,45.0,53.0,33.1,97.65,15.5,2542.0,100.0,90.0,562.0,637.0,362.0,82.0,118.0,75.0,506.0,0.0,,,,,,,,,,,,,,,,,,,,,,,,,
2021-12-20,,,,,,,1.0,57.0,15.4,786.0,149.0,175.0,39.0,46.0,41.0,33.62,97.81,4.4,1721.0,87.0,83.0,564.0,631.0,327.0,117.0,120.0,67.0,477.0,0.0,,,,,,,,,,,,,,,,,,,,,,,,,
2021-12-21,,,,,,,,,,,,,63.0,43.0,53.0,33.8,97.81,14.2,2437.0,100.0,96.0,423.0,521.0,213.0,127.0,83.0,98.0,488.0,0.0,,,,,,,,,,,,,,,,,,,,,,,,,
2021-12-22,,,,,,,1.0,45.0,13.9,602.0,150.0,170.0,75.0,45.0,59.0,33.4,96.67,13.6,2201.0,94.0,92.0,518.0,538.0,294.0,156.0,68.0,20.0,480.0,29.0,,,,,,,,,,,,,,,,,,,,,,,,,
2021-12-23,,,,,,,1.0,44.0,13.6,569.0,148.0,172.0,59.0,45.0,49.0,34.01,96.05,14.6,2448.0,100.0,90.0,452.0,501.0,351.0,70.0,31.0,49.0,480.0,0.0,,,,,,,,,,,,,,,,,,,,,,,,,
2021-12-24,,,,,,,1.0,25.0,13.5,395.0,161.0,180.0,,,,,,,,,,500.0,556.0,274.0,128.0,98.0,56.0,490.0,13.0,,,,,,,,,,,,,,,,,,,,,,,,,
2021-12-25,,,,,,,,,,,,,43.0,46.0,45.0,34.019999999999996,96.31,9.75,2188.0,89.0,91.5,375.0,431.0,244.0,94.0,37.0,56.0,482.0,0.0,,,,,,,,,,,,,,,,,,,,,,,,,
2021-12-26,,,,,,,1.0,78.0,14.3,884.0,139.0,156.0,52.0,46.0,46.0,34.3,94.73,13.6,2295.0,100.0,93.0,534.0,563.0,388.0,71.0,75.0,29.0,500.0,49.0,,,,,,,,,,,,,,,,,,,,,,,,,
2021-12-27,,,,,,,1.0,30.0,12.5,407.0,149.0,171.0,62.0,44.0,47.0,34.18,95.98,4.9,1899.0,100.0,87.0,498.0,544.0,330.0,75.0,93.0,46.0,486.0,0.0,,,,,,,,,,,,,,,,,,,,,,,,,
2021-12-28,,,,,,,,,,,,,68.0,43.0,47.0,33.99,97.42,15.9,2403.0,97.0,85.0,533.0,611.0,346.0,116.0,71.0,78.0,476.0,0.0,,,,,,,,,,,,,,,,,,,,,,,,,
2021-12-29,,,,,,,2.0,106.0,19.799999999999997,844.0,116.5,172.0,68.0,44.0,48.0,34.0,95.64,6.0,1816.0,93.0,89.0,436.0,511.0,339.0,85.0,12.0,75.0,451.0,0.0,,,,,,,,,,,,,,,,,,,,,,,,,
2021-12-30,,,,,,,1.0,73.0,6.0,184.0,92.0,111.0,48.0,42.0,44.0,33.86,95.68,15.1,2538.0,100.0,84.0,464.0,532.0,333.0,101.0,30.0,68.0,500.0,8.0,,,,,,,,,,,,,,,,,,,,,,,,,
2021-12-31,,,,,,,1.0,58.0,15.0,738.0,145.0,171.0,76.0,45.0,49.0,33.7,96.09,16.5,2696.0,94.0,92.0,522.0,615.0,277.0,168.0,77.0,93.0,468.0,15.0,,,,,,,,,,,,,,,,,,,,,,,,,
2022-01-01,,,,,,,1.0,52.0,15.8,762.0,154.0,174.0,,,,,,,,,,457.0,494.0,301.0,80.0,76.0,37.0,485.0,0.0,,,,,,,,,,,,,,,,,,,,,,,,,
2022-01-02,,,,,,,,,,,,,58.5,45.0,46.5,33.99,95.78,10.4,2103.0,87.5,86.5,384.0,437.0,255.0,54.0,75.0,53.0,509.0,13.0,,,,,,,,,,,,,,,,,,,,,,,,,
2022-01-03,,,,,,,1.0,52.0,16.1,772.0,156.0,175.0,46.0,45.0,42.0,33.8,95.88,4.4,1761.0,100.0,93.0,520.0,607.0,350.0,140.0,30.0,87.0,506.0,56.0,,,,,,,,,,,,,,,,,,,,,,,,,
2022-01-04,,,,,,,,,,,,,1.0,120.0,30.0,,,12.4,1992.0,52.0,99.0,531.0,573.0,370.0,113.0,48.0,42.0,496.0,0.0,,,,,,,,,,,,,,,,,,,,,,,,,
2022-01-05,,,,,,,,,,,,,46.0,120.0,41.0,,,14.6,2585.0,100.0,99.0,704.0,776.0,516.0,94.0,94.0,72.0,451.5,0.0,,,,,,,,,,,,,,,,,,,,,,,,,
2022-01-06,,,,,,,1.0,48.0,13.7,547.0,133.0,171.0,69.0,46.0,48.0,34.29,95.93,10.8,2185.0,100.0,89.0,823.0,826.0,823.0,0.0,0.0,3.0,234.0,0.0,,,,,,,,,,,,,,,,,,,,,,,,,
2022-01-07,,,,,,,1.0,29.0,10.4,350.0,139.0,152.0,61.0,43.0,44.0,34.1,97.43,1.4,1593.0,100.0,92.0,488.0,551.0,369.0,89.0,30.0,63.0,482.0,0.0,,,,,,,,,,,,,,,,,,,,,,,,,
2022-01-08,,,,,,,,,,,,,87.0,42.0,53.0,34.3,97.33,4.7,1881.0,100.0,84.0,502.0,542.0,342.0,120.0,40.0,40.0,462.0,0.0,,,,,,,,,,,,,,,,,,,,,,,,,
2022-01-09,,,,,,,,,,,,,95.0,42.0,58.0,33.8,98.54,16.0,2473.0,97.0,85.0,541.0,637.0,301.0,133.0,107.0,96.0,449.0,0.0,,,,,,,,,,,,,,,,,,,,,,,,,
2022-01-10,,,,,,,1.0,59.0,15.8,823.0,150.0,176.0,89.0,46.0,56.0,33.86,97.05,4.2,1951.0,98.0,87.0,435.0,514.0,240.0,95.0,100.0,79.0,451.0,0.0,,,,,,,,,,,,,,,,,,,,,,,,,
2022-01-11,,,,,,,,,,,,,,,,,,,,,,487.0,556.0,304.0,103.0,80.0,69.0,498.0,6.0,,,,,,,,,,,,,,,,,,,,,,,,,
2022-01-12,,,,,,,1.0,35.0,11.6,429.0,141.0,156.0,85.5,47.5,77.0,34.1,96.33000000000001,12.0,2161.5,93.5,92.5,416.0,455.0,171.0,82.0,163.0,39.0,456.0,5.0,,,,,,,,,,,,,,,,,,,,,,,,,
2022-01-13,,,,,,,1.0,59.0,12.3,590.0,146.0,167.0,94.0,47.0,84.0,34.55,95.21,8.9,1927.0,90.0,93.0,467.0,496.0,301.0,80.0,86.0,29.0,486.0,20.0,,,,,,,,,,,,,,,,,,,,,,,,,
2022-01-14,,,,,,,1.0,33.0,8.8,308.0,143.0,169.0,73.0,48.0,68.0,33.57,98.0,15.3,2633.0,100.0,87.0,431.0,459.0,292.0,79.0,60.0,28.0,478.0,8.0,,,,,,,,,,,,,,,,,,,,,,,,,
2022-01-15,,,,,,,1.0,57.0,15.3,788.0,149.0,167.0,50.0,45.0,56.0,33.7,97.29,13.2,2099.0,100.0,92.0,654.0,761.0,424.0,129.0,101.0,107.0,463.5,11.0,,,,,,,,,,,,,,,,,,,,,,,,,
2022-01-16,,,,,,,1.0,36.0,13.1,484.0,148.0,174.0,44.0,46.0,52.0,33.1,96.31,4.9,1787.0,98.0,93.0,341.0,377.0,235.0,64.0,42.0,36.0,311.0,0.0,,,,,,,,,,,,,,,,,,,,,,,,,
2022-01-17,,,,,,,,,,,,,42.0,43.0,47.0,34.0,97.46,4.5,1810.0,99.0,90.0,464.0,498.0,285.0,105.0,74.0,34.0,474.0,0.0,,,,,,,,,,,,,,,,,,,,,,,,,
2022-01-18,,,,,,,,,,,,,30.0,43.0,38.0,33.96,96.36,15.4,2672.0,88.0,90.0,454.0,511.0,312.0,90.0,52.0,57.0,457.0,5.0,,,,,,,,,,,,,,,,,,,,,,,,,
2022-01-19,,,,,,,1.0,76.0,15.3,939.0,144.0,155.0,39.0,45.0,43.0,33.73,94.63,15.5,2582.0,75.0,91.0,399.0,443.0,297.0,80.0,22.0,44.0,453.0,2.0,,,,,,,,,,,,,,,,,,,,,,,,,
2022-01-20,,,,,,,1.0,74.0,15.4,936.0,145.0,156.0,71.0,46.0,62.0,33.67,97.47,4.7,1757.0,80.0,95.0,384.0,426.0,261.0,94.0,29.0,42.0,514.0,26.0,,,,,,,,,,,,,,,,,,,,,,,,,
2022-01-21,,,,,,,,,,,,,60.0,41.0,51.0,34.21,97.12,12.3,2194.0,100.0,94.0,438.0,456.0,305.0,87.0,46.0,18.0,544.0,56.0,,,,,,,,,,,,,,,,,,,,,,,,,
2022-01-22,,,,,,,1.0,36.0,12.2,454.0,144.0,168.0,74.0,41.0,59.0,34.52,96.82,,1717.0,100.0,92.0,508.0,538.0,324.0,90.0,94.0,30.0,496.0,44.0,,,,,,,,,,,,,,,,,,,,,,,,,
2022-01-23,,,,,,,,,,,,,52.0,41.0,49.0,33.9,97.45,14.8,2619.0,97.0,88.0,512.0,570.0,364.0,93.0,55.0,58.0,469.0,0.0,,,,,,,,,,,,,,,,,,,,,,,,,
2022-01-24,,,,,,,1.0,75.0,14.6,878.0,140.0,173.0,94.0,45.0,100.0,34.1,96.56,4.3,1687.0,88.0,95.0,437.0,494.0,343.0,75.0,19.0,57.0,448.0,0.0,,,,,,,,,,,,,,,,,,,,,,,,,
2022-01-25,,,,,,,,,,,,,50.0,40.0,50.0,33.7,96.77,14.9,2595.0,92.0,84.0,435.0,460.0,305.0,54.0,76.0,25.0,492.0,8.0,,,,,,,,,,,,,,,,,,,,,,,,,
2022-01-26,,,,,,,1.0,63.0,14.8,800.0,144.0,166.0,59.0,46.0,61.0,,97.44,14.6,2090.0,84.0,95.0,437.0,519.0,281.0,91.0,65.0,82.0,477.0,26.0,,,,,,,,,,,,,,,,,,,,,,,,,
2022-01-27,,,,,,,1.0,32.0,14.5,506.0,159.0,175.0,52.0,43.0,54.0,34.09,97.53,12.0,2263.0,93.0,92.0,420.0,439.0,257.0,72.0,91.0,19.0,502.0,17.0,,,,,,,,,,,,,,,,,,,,,,,,,
2022-01-28,,,,,,,1.0,31.0,11.9,397.0,144.0,165.0,46.0,45.0,51.0,33.71,96.61,16.6,2734.0,86.0,88.0,480.0,523.0,341.0,97.0,42.0,36.0,518.0,35.0,,,,,,,,,,,,,,,,,,,,,,,,,
2022-01-29,,,,,,,1.0,73.0,16.5,991.0,149.0,170.0,,,,,,,,,,419.0,475.0,284.0,91.0,44.0,56.0,488.0,20.0,,,,,,,,,,,,,,,,,,,,,,,,,
2022-01-30,,,,,,,,,,,,,47.0,45.5,50.0,33.95,96.82,10.0,2202.0,80.0,90.0,348.0,365.0,220.0,60.0,68.0,17.0,527.0,31.0,,,,,,,,,,,,,,,,,,,,,,,,,
2022-01-31,,,,,,,1.0,74.0,14.8,893.0,140.0,176.0,,,,,,,,,,495.0,581.0,302.0,109.0,84.0,86.0,527.0,76.0,,,,,,,,,,,,,,,,,,,,,,,,,
2022-02-01,,,,,,,,,,,,,53.0,44.0,56.0,34.22,97.36500000000001,10.350000000000001,2079.5,72.5,93.5,301.0,317.0,216.0,69.0,16.0,16.0,503.0,17.0,,,,,,,,,,,,,,,,,,,,,,,,,
2022-02-02,,,,,,,1.0,57.0,15.7,790.0,150.0,174.0,76.0,42.0,65.0,34.2,97.68,12.4,2257.0,86.0,93.0,458.0,493.0,343.0,67.0,48.0,35.0,541.0,89.0,,,,,,,,,,,,,,,,,,,,,,,,,
2022-02-03,,,,,,,1.0,35.0,12.4,450.0,144.0,165.0,59.0,44.0,58.0,33.71,97.0,13.5,2282.0,71.0,91.0,459.0,492.0,319.0,67.0,73.0,33.0,534.0,43.0,,,,,,,,,,,,,,,,,,,,,,,,,
2022-02-04,,,,,,,1.0,38.0,13.0,480.0,144.0,176.0,57.0,43.0,59.0,33.5,96.88,4.4,1576.0,76.0,95.0,364.0,397.0,257.0,64.0,43.0,33.0,510.0,40.0,,,,,,,,,,,,,,,,,,,,,,,,,
2022-02-05,,,,,,,1.0,12.0,4.0,20.0,74.0,114.0,53.0,41.0,55.0,34.5,97.73,4.2,1816.0,100.0,88.0,409.0,429.0,265.0,66.0,78.0,20.0,540.0,65.0,,,,,,,,,,,,,,,,,,,,,,,,,
2022-02-06,,,,,,,,,,,,,52.0,44.0,55.0,33.8,95.29,14.9,2439.0,100.0,92.0,596.0,677.0,434.0,102.0,60.0,81.0,504.0,53.0,,,,,,,,,,,,,,,,,,,,,,,,,
2022-02-07,,,,,,,1.0,45.0,14.1,603.0,148.0,174.0,39.0,49.0,72.0,35.8,100.0,4.0,1777.0,13.0,94.0,465.0,506.0,351.0,80.0,34.0,41.0,450.0,0.0,,,,,,,,,,,,,,,,,,,,,,,,,
2022-02-08,,,,,,,,,,,,,45.0,42.0,48.0,33.4,95.89,4.4,1821.0,100.0,89.0,494.0,550.0,336.0,94.0,64.0,54.0,482.5,15.5,,,,,,,,,,,,,,,,,,,,,,,,,
2022-02-09,,,,,,,2.0,44.0,4.2,71.0,66.0,116.0,36.0,43.0,45.0,34.44,96.0,17.2,2568.0,84.0,96.0,461.0,514.0,308.0,109.0,44.0,53.0,419.0,31.0,,,,,,,,,,,,,,,,,,,,,,,,,
2022-02-10,,,,,,,1.0,51.0,16.8,806.0,159.0,178.0,27.0,47.0,62.0,,,16.5,2561.0,11.0,70.0,379.0,397.0,273.0,83.0,23.0,18.0,450.0,0.0,,,,,,,,,,,,,,,,,,,,,,,,,
2022-02-11,,,,,,,1.0,59.0,16.3,850.0,153.0,171.0,54.0,42.0,53.0,34.1,97.45,15.0,2638.0,100.0,94.0,469.0,536.0,347.0,99.0,23.0,67.0,541.5,43.0,,,,,,,,,,,,,,,,,,,,,,,,,
2022-02-12,,,,,,,1.0,71.0,14.8,870.0,142.0,155.0,58.0,44.0,52.0,33.92,96.88,13.4,2230.0,93.0,87.0,557.0,591.0,402.0,116.0,39.0,34.0,489.0,51.0,,,,,,,,,,,,,,,,,,,,,,,,,
2022-02-13,,,,,,,1.0,45.0,13.3,575.0,143.0,159.0,80.0,43.0,60.0,33.6,96.31,16.1,2632.0,68.0,91.0,452.0,526.0,337.0,69.0,46.0,74.0,484.0,0.0,,,,,,,,,,,,,,,,,,,,,,,,,
2022-02-14,,,,,,,1.0,65.0,15.8,880.0,148.0,161.0,81.0,44.0,61.0,33.1,95.95,4.0,1662.0,79.0,95.0,334.0,365.0,253.0,40.0,41.0,31.0,495.0,20.0,,,,,,,,,,,,,,,,,,,,,,,,,
2022-02-15,,,,,,,,,,,,,45.0,43.0,44.0,33.9,97.67,15.3,2390.0,89.0,87.0,444.0,467.0,288.0,69.0,87.0,23.0,564.0,71.0,,,,,,,,,,,,,,,,,,,,,,,,,
2022-02-16,,,,,,,1.0,53.0,15.1,729.0,149.0,173.0,75.0,45.0,58.0,33.87,96.82,9.0,2106.0,80.0,95.0,444.0,508.0,314.0,70.0,60.0,64.0,497.0,47.0,,,,,,,,,,,,,,,,,,,,,,,,,
2022-02-17,,,,,,,1.0,33.0,8.9,318.0,128.0,141.0,65.0,43.0,54.0,33.61,95.61,15.8,2764.0,81.0,87.0,417.0,443.0,330.0,45.0,42.0,26.0,518.0,31.0,,,,,,,,,,,,,,,,,,,,,,,,,
2022-02-18,,,,,,,1.0,70.0,15.6,902.0,145.0,166.0,,,,,,,,,,407.0,465.0,232.0,101.0,74.0,58.0,502.0,44.0,,,,,,,,,,,,,,,,,,,,,,,,,
2022-02-19,,,,,,,2.0,53.0,21.700000000000003,827.0,144.5,178.0,82.5,42.0,60.5,34.39,96.58500000000001,14.25,2323.5,79.5,95.0,419.0,432.0,219.0,155.0,45.0,13.0,533.0,42.0,,,,,,,,,,,,,,,,,,,,,,,,,
2022-02-20,,,,,,,1.0,47.0,11.1,462.0,129.0,176.0,86.0,45.0,78.0,34.17,96.46,5.1,1728.0,68.0,93.0,440.0,466.0,317.0,75.0,48.0,26.0,548.0,47.0,,,,,,,,,,,,,,,,,,,,,,,,,
2022-02-21,,,,,,,,,,,,,40.0,42.0,45.0,33.28,97.44,4.1,1722.0,75.0,91.0,346.0,368.0,251.0,54.0,41.0,22.0,509.0,44.0,,,,,,,,,,,,,,,,,,,,,,,,,
2022-02-22,,,,,,,,,,,,,41.0,42.0,50.0,33.2,96.78,13.6,2559.0,89.0,88.0,393.0,443.0,270.0,85.0,38.0,50.0,523.0,71.0,,,,,,,,,,,,,,,,,,,,,,,,,
2022-02-23,,,,,,,1.0,56.0,13.5,663.0,139.0,164.0,66.0,43.0,60.0,33.59,97.93,4.4,1747.0,70.0,92.0,450.0,510.0,279.0,73.0,98.0,60.0,506.0,56.0,,,,,,,,,,,,,,,,,,,,,,,,,
2022-02-24,,,,,,,,,,,,,37.0,46.0,49.0,33.9,96.83,4.5,1590.0,69.0,87.0,355.0,383.0,210.0,101.0,44.0,28.0,508.0,31.0,,,,,,,,,,,,,,,,,,,,,,,,,
2022-02-25,,,,,,,,,,,,,58.0,42.0,50.0,34.2,95.54,19.8,3545.0,98.0,85.0,359.0,413.0,135.0,100.0,124.0,54.0,518.0,67.0,,,,,,,,,,,,,,,,,,,,,,,,,
2022-02-26,,,,,,,1.0,113.0,19.6,1657.0,154.0,187.0,85.0,46.0,80.0,34.3,96.28,4.1,1822.0,77.0,87.0,508.0,593.0,425.0,63.0,20.0,85.0,520.0,69.0,,,,,,,,,,,,,,,,,,,,,,,,,
2022-02-27,,,,,,,,,,,,,,,,,,,,,,402.0,457.0,211.0,80.0,111.0,55.0,524.0,5.0,,,,,,,,,,,,,,,,,,,,,,,,,
2022-02-28,,,,,,,,,,,,,43.0,45.0,45.0,34.0,96.97,3.1500000000000004,1566.5,65.0,93.0,235.0,258.0,167.0,68.0,0.0,23.0,502.0,51.0,,,,,,,,,,,,,,,,,,,,,,,,,
2022-03-01,,,,,,,,,,,,,,,,,,,,,,474.0,514.0,305.0,119.0,50.0,40.0,568.0,118.0,,,,,,,,,,,,,,,,,,,,,,,,,
2022-03-03,,,,,,,1.0,55.0,13.7,661.0,141.0,168.0,64.0,45.0,55.0,34.5,96.11,9.25,1292.0,80.0,92.0,,,,,,,,,,,,,,,,,,,,,,,,,,,,,,,,,
2022-03-04,,,,,,,1.0,1.0,4.3,16.0,124.0,170.0,69.0,43.0,55.0,34.0,97.45,20.1,3451.0,100.0,86.0,422.0,465.0,274.0,64.0,84.0,43.0,526.0,48.0,,,,,,,,,,,,,,,,,,,,,,,,,
2022-03-05,,,,,,,1.0,110.0,20.0,1688.0,158.0,179.0,39.0,49.0,66.0,34.5,98.0,3.1,1765.0,13.0,86.0,553.0,640.0,283.0,118.0,152.0,87.0,508.0,57.0,,,,,,,,,,,,,,,,,,,,,,,,,
2022-03-06,,,,,,,,,,,,,26.0,52.0,43.0,34.25,96.7,4.0,1711.0,94.0,94.0,541.0,596.0,446.0,68.0,27.0,55.0,496.0,11.5,,,,,,,,,,,,,,,,,,,,,,,,,
2022-03-07,,,,,,,,,,,,,70.0,47.0,60.0,33.9,96.82,8.2,2641.0,85.0,79.0,388.0,424.0,205.0,100.0,83.0,36.0,411.0,23.0,,,,,,,,,,,,,,,,,,,,,,,,,
2022-03-08,,,,,,,,,,,,,,,,,,,,,,395.0,497.0,132.0,113.0,150.0,102.0,467.0,17.0,,,,,,,,,,,,,,,,,,,,,,,,,
2022-03-09,,,,,,,,,,,,,,,,,,,418.0,,,,,,,,,,,,,,,,,,,,,,,,,,,,,,,,,,,
2022-03-14,,,,,,,,,,,,,,,,,,,,,,,,,,,,,,,,,,,,,,,,,,,,,,,,,,,,,,
2022-03-22,,,,,,,,,,,,,56.0,45.0,51.0,34.9,96.35,,1668.0,100.0,96.0,,,,,,,,,,,,,,,,,,,,,,,,,,,,,,,,,
2022-03-23,,,,,,,,,,,,,78.0,48.0,66.0,34.01,97.42,2.2,1761.0,100.0,87.0,507.0,523.0,415.0,50.0,42.0,16.0,481.0,33.0,,,,,,,,,,,,,,,,,,,,,,,,,
2022-03-24,,,,,,,,,,,,,62.0,47.0,49.0,34.2,95.95,4.1,1871.0,100.0,90.0,488.0,554.0,275.0,86.0,127.0,66.0,448.0,0.0,,,,,,,,,,,,,,,,,,,,,,,,,
2022-03-25,,,,,,,,,,,,,1.0,62.0,38.0,33.6,95.0,4.4,1757.0,14.0,97.0,483.0,541.0,314.0,86.0,83.0,58.0,449.0,0.0,,,,,,,,,,,,,,,,,,,,,,,,,
2022-03-26,,,,,,,,,,,,,79.0,47.0,69.0,34.54,97.72,4.0,1553.0,100.0,83.0,557.0,587.0,391.0,57.0,109.0,30.0,450.0,0.0,,,,,,,,,,,,,,,,,,,,,,,,,
2022-03-27,,,,,,,,,,,,,48.0,47.0,52.0,34.2,97.86,5.5,1587.0,100.0,81.0,422.0,510.0,166.0,125.0,131.0,88.0,388.0,0.0,,,,,,,,,,,,,,,,,,,,,,,,,
2022-03-28,,,,,,,,,,,,,43.0,47.0,49.0,35.0,96.34,4.0,1738.0,87.0,92.0,555.0,684.0,365.0,123.0,67.0,129.0,450.0,0.0,,,,,,,,,,,,,,,,,,,,,,,,,
2022-03-29,,,,,,,,,,,,,67.0,46.0,59.0,33.9,98.33,,1795.0,98.0,89.0,395.0,437.0,304.0,67.0,24.0,42.0,451.0,0.0,,,,,,,,,,,,,,,,,,,,,,,,,
2022-03-30,,,,,,,,,,,,,58.0,46.0,53.0,34.2,96.69,5.6,1843.0,98.0,91.0,467.0,527.0,275.0,82.0,110.0,60.0,479.0,29.0,,,,,,,,,,,,,,,,,,,,,,,,,
2022-03-31,,,,,,,,,,,,,56.0,45.0,51.0,34.0,96.12,17.9,2592.0,86.0,87.0,445.0,485.0,325.0,66.0,54.0,40.0,453.0,5.0,,,,,,,,,,,,,,,,,,,,,,,,,
2022-04-01,,,,,,,1.0,55.0,17.7,901.0,162.0,184.0,63.0,50.0,58.0,34.4,97.68,13.2,2392.0,87.0,95.0,395.0,452.0,267.0,67.0,61.0,57.0,457.0,5.0,,,,,,,,,,,,,,,,,,,,,,,,,
2022-04-02,,,,,,,1.0,31.0,12.5,420.0,148.0,168.0,80.0,48.0,62.0,33.4,96.81,3.4,1562.0,94.0,95.0,464.0,498.0,247.0,57.0,160.0,34.0,537.0,31.0,,,,,,,,,,,,,,,,,,,,,,,,,
2022-04-03,,,,,,,,,,,,,72.0,46.0,57.0,34.7,95.76,4.0,1731.0,100.0,88.0,473.0,501.0,365.0,61.0,47.0,28.0,502.0,29.0,,,,,,,,,,,,,,,,,,,,,,,,,
2022-04-04,,,,,,,,,,,,,34.0,50.0,44.0,34.2,96.18,5.0,2065.0,87.0,95.0,484.0,555.0,314.0,79.0,91.0,71.0,467.0,17.0,,,,,,,,,,,,,,,,,,,,,,,,,
2022-04-05,,,,,,,,,,,,,,,,,,,,,,389.0,409.0,291.0,57.0,41.0,20.0,450.0,0.0,,,,,,,,,,,,,,,,,,,,,,,,,
2022-04-06,,,,,,,,,,,,,27.0,44.0,41.0,34.98,97.71,4.1,1067.0,53.0,97.0,255.0,263.0,133.0,50.0,72.0,8.0,480.0,29.0,,,,,,,,,,,,,,,,,,,,,,,,,
2022-04-08,,,,,,,,,,,,,66.0,62.0,55.0,34.6,95.63,4.75,1398.5,100.0,81.0,,,,,,,,,,,,,,,,,,,,,,,,,,,,,,,,,
2022-04-09,,,,,,,,,,,,,,,,,,,,,,971.0,1153.0,692.0,204.0,75.0,182.0,503.0,52.5,,,,,,,,,,,,,,,,,,,,,,,,,
2022-04-23,,,,,,,,,,,,,93.0,51.0,77.0,34.91,96.05,5.3,458.0,100.0,93.0,,,,,,,,,,,,,,,,,,,,,,,,,,,,,,,,,
2022-04-24,,,,,,,,,,,,,,,,,,,,,,509.0,543.0,342.0,73.0,94.0,34.0,485.0,0.0,,,,,,,,,,,,,,,,,,,,,,,,,
2022-05-05,,,,,,,,,,,,,64.5,49.0,60.0,34.18,96.3,3.8499999999999996,1430.0,56.0,94.0,54.0,69.0,33.0,21.0,0.0,15.0,450.0,0.0,,,,,,,,,,,,,,,,,,,,,,,,,
2022-05-06,,,,,,,,,,,,,98.0,50.0,84.0,33.6,96.21,4.1,1701.0,100.0,95.0,478.0,506.0,222.0,101.0,155.0,28.0,395.0,0.0,,,,,,,,,,,,,,,,,,,,,,,,,
2022-05-07,,,,,,,,,,,,,43.0,64.0,31.0,34.0,95.48,5.9,1865.0,100.0,86.0,524.0,550.0,298.0,100.0,126.0,26.0,450.0,0.0,,,,,,,,,,,,,,,,,,,,,,,,,
2022-05-08,,,,,,,,,,,,,66.0,58.0,52.0,34.7,97.69,5.6,1758.0,100.0,91.0,561.0,654.0,326.0,139.0,96.0,93.0,450.5,0.0,,,,,,,,,,,,,,,,,,,,,,,,,
2022-05-09,,,,,,,,,,,,,,,,,,,,,,409.0,459.0,289.0,106.0,14.0,50.0,373.0,0.0,,,,,,,,,,,,,,,,,,,,,,,,,
2022-05-14,,,,,,,,,,,,,,,,,,0.9,33.0,,,,,,,,,,,,,,,,,,,,,,,,,,,,,,,,,,,
2022-05-16,,,,,,,,,,,,,78.0,49.0,65.0,34.29,97.5,4.25,1312.0,89.0,90.0,,,,,,,,,,,,,,,,,,,,,,,,,,,,,,,,,
2022-05-17,,,,,,,,,,,,,77.0,48.0,63.0,34.3,97.53,4.2,1834.0,100.0,87.0,400.0,454.0,296.0,52.0,52.0,54.0,450.0,0.0,,,,,,,,,,,,,,,,,,,,,,,,,
2022-05-18,,,,,,,,,,,,,85.0,52.0,73.0,34.01,95.5,2.5,1793.0,82.0,97.0,516.0,588.0,318.0,89.0,109.0,72.0,475.0,24.0,,,,,,,,,,,,,,,,,,,,,,,,,
2022-05-19,,,,,,,,,,,,,75.0,48.0,66.0,34.3,96.19,4.7,1686.0,84.0,92.0,370.0,381.0,216.0,69.0,85.0,11.0,450.0,0.0,,,,,,,,,,,,,,,,,,,,,,,,,
2022-05-20,,,,,,,,,,,,,38.0,63.0,39.0,34.7,97.02,9.7,2073.0,100.0,81.0,411.0,457.0,244.0,79.0,88.0,46.0,490.0,40.0,,,,,,,,,,,,,,,,,,,,,,,,,
2022-05-21,,,,,,,,,,,,,87.0,59.0,81.0,34.43,96.76,4.6,1707.0,100.0,92.0,548.0,672.0,378.0,132.0,38.0,124.0,486.0,35.0,,,,,,,,,,,,,,,,,,,,,,,,,
2022-05-22,,,,,,,,,,,,,3.0,69.0,37.0,34.56,93.09,4.5,1753.0,61.0,70.0,602.0,650.0,381.0,108.0,113.0,48.0,459.0,0.0,,,,,,,,,,,,,,,,,,,,,,,,,
2022-05-23,,,,,,,,,,,,,18.0,64.0,37.0,34.31,95.67,5.5,1943.0,86.0,86.0,275.0,393.0,160.0,67.0,48.0,118.0,451.0,0.0,,,,,,,,,,,,,,,,,,,,,,,,,
2022-05-24,,,,,,,,,,,,,81.0,53.0,75.0,33.55,95.17,5.2,1784.0,80.0,90.0,460.0,533.0,279.0,99.0,82.0,73.0,538.0,87.0,,,,,,,,,,,,,,,,,,,,,,,,,
2022-05-25,,,,,,,,,,,,,28.0,66.0,37.0,34.5,96.43,5.4,1797.0,78.0,86.0,394.0,448.0,237.0,68.0,89.0,54.0,492.0,40.0,,,,,,,,,,,,,,,,,,,,,,,,,
2022-05-26,,,,,,,,,,,,,95.0,52.0,82.0,34.9,96.63,0.3,751.0,81.0,91.0,385.0,445.0,226.0,113.0,46.0,60.0,496.0,44.0,,,,,,,,,,,,,,,,,,,,,,,,,
2022-05-27,,,,,,,,,,,,,,,,,,,,,,405.0,443.0,310.0,42.0,53.0,38.0,501.0,49.0,,,,,,,,,,,,,,,,,,,,,,,,,
2022-06-06,,,,,,,,,,,,,,,,,,4.0,870.0,,,,,,,,,,,,,,,,,,,,,,,,,,,,,,,,,,,
2022-06-07,,,,,,,,,,,,,61.0,51.0,57.0,33.2,96.57,1.9,701.0,83.0,88.0,,,,,,,,,,,,,,,,,,,,,,,,,,,,,,,,,
2022-06-08,,,,,,,,,,,,,,,,,,,,,,417.0,478.0,194.0,90.0,133.0,61.0,505.0,54.0,,,,,,,,,,,,,,,,,,,,,,,,,
2022-06-13,,,,,,,,,,,,,,,,,,,,,,,,,,,,,,,,,,,,,,,,,,,,,,,,,,,,,,
2022-06-14,,,,,,,,,,,,,,,,,,,,,,,,,,,,,,,,,,,,,,,,,,,,,,,,,,,,,,
2022-06-15,,,,,,,,,,,,,,,,,,,,,,,,,,,,,,,,,,,,,,,,,,,,,,,,,,,,,,
2022-07-30,,,,,,,,,,,,,,,,,,0.1,248.0,,,,,,,,,,,,,,,,,,,,,,,,,,,,,,,,,,,
2022-07-31,,,,,,,,,,,,,71.0,49.0,56.5,34.0,96.16999999999999,4.65,1564.5,84.5,92.0,335.0,374.0,225.0,81.0,29.0,39.0,484.0,0.0,,,,,,,,,,,,,,,,,,,,,,,,,
2022-08-01,,,,,,,,,,,,,56.0,46.0,42.0,33.52,96.8,12.8,2099.0,93.0,95.0,565.0,610.0,375.0,98.0,92.0,45.0,520.0,69.0,,,,,,,,,,,,,,,,,,,,,,,,,
2022-08-02,,,,,,,1.0,22.0,12.6,340.0,160.0,180.0,65.0,46.0,49.0,34.3,95.66,4.9,1406.0,100.0,93.0,418.0,449.0,326.0,54.0,38.0,31.0,450.0,0.0,,,,,,,,,,,,,,,,,,,,,,,,,
2022-08-03,,,,,,,,,,,,,63.0,47.0,47.0,33.6,97.61,4.9,1755.0,100.0,83.0,529.0,572.0,398.0,92.0,39.0,43.0,491.0,20.0,,,,,,,,,,,,,,,,,,,,,,,,,
2022-08-04,,,,,,,,,,,,,71.0,45.0,55.0,34.0,97.15,1.8,1808.0,100.0,92.0,519.0,619.0,349.0,95.0,75.0,100.0,451.0,0.0,,,,,,,,,,,,,,,,,,,,,,,,,
2022-08-05,,,,,,,,,,,,,73.0,44.0,56.0,33.51,95.62,4.1,961.0,100.0,89.0,606.0,654.0,417.0,118.0,71.0,48.0,451.0,0.0,,,,,,,,,,,,,,,,,,,,,,,,,
2022-08-06,,,,,,,,,,,,,,,,,,,,,,587.0,670.0,379.0,121.0,87.0,83.0,449.0,0.0,,,,,,,,,,,,,,,,,,,,,,,,,
2022-08-07,,,,,,,,,,,,,82.0,42.0,53.0,33.2,95.71,3.4000000000000004,1365.0,100.0,94.0,,,,,,,,,,,,,,,,,,,,,,,,,,,,,,,,,
2022-08-08,,,,,,,,,,,,,94.0,43.0,59.0,34.4,96.06,4.3,1000.0,98.0,93.0,454.0,485.0,274.0,102.0,78.0,31.0,450.0,0.0,,,,,,,,,,,,,,,,,,,,,,,,,
2022-08-09,,,,,,,,,,,,,,,,,,,,,,440.0,472.0,288.0,75.0,77.0,32.0,449.0,0.0,,,,,,,,,,,,,,,,,,,,,,,,,
2022-08-13,,,,,,,,,,,,,,,,,,10.7,1467.0,,,,,,,,,,,,,,,,,,,,,,,,,,,,,,,,,,,
2022-08-22,,,,,,,,,,,,,96.0,49.0,61.0,32.7,95.23,9.4,1419.0,100.0,87.0,,,,,,,,,,,,,,,,,,,,,,,,,,,,,,,,,
2022-08-23,,,,,,,1.0,32.0,13.9,479.0,155.0,185.0,50.0,66.0,41.0,34.02,94.98,6.1,1996.0,100.0,83.0,548.0,629.0,377.0,96.0,75.0,81.0,454.0,4.0,,,,,,,,,,,,,,,,,,,,,,,,,
2022-08-24,,,,,,,,,,,,,98.0,51.0,103.0,33.64,96.37,4.2,1762.0,96.0,93.0,515.0,619.0,340.0,85.0,90.0,104.0,485.0,0.0,,,,,,,,,,,,,,,,,,,,,,,,,
2022-08-25,,,,,,,,,,,,,87.0,48.0,79.0,33.2,95.57,15.3,2543.0,100.0,94.0,433.0,468.0,309.0,60.0,64.0,35.0,452.0,0.0,,,,,,,,,,,,,,,,,,,,,,,,,
2022-08-26,,,,,,,1.0,39.0,14.9,600.0,157.0,176.0,81.0,46.0,74.0,34.0,96.28,4.6,1838.0,100.0,95.0,557.0,592.0,381.0,94.0,82.0,35.0,459.0,8.0,,,,,,,,,,,,,,,,,,,,,,,,,
2022-08-27,,,,,,,,,,,,,83.0,45.0,81.0,33.4,96.67,4.3,1692.0,100.0,94.0,551.0,589.0,352.0,88.0,111.0,38.0,486.0,0.0,,,,,,,,,,,,,,,,,,,,,,,,,
2022-08-28,,,,,,,,,,,,,47.0,52.0,55.0,33.9,95.39,5.3,822.0,100.0,87.0,524.0,562.0,264.0,116.0,144.0,38.0,450.0,0.0,,,,,,,,,,,,,,,,,,,,,,,,,
2022-08-29,,,,,,,,,,,,,,,,,,,,,,514.0,587.0,305.0,114.0,95.0,73.0,450.0,0.0,,,,,,,,,,,,,,,,,,,,,,,,,
2022-09-28,,,,,,,,,,,,,1.0,51.0,63.0,32.2,97.67,4.5,1357.5,17.0,85.0,,,,,,,,,,,,,,,,,,,,,,,,,,,,,,,,,
2022-09-29,,,,,,,,,,,,,96.0,49.0,77.0,34.1,97.29,5.2,1731.0,98.0,89.0,424.0,490.0,340.0,37.0,47.0,66.0,502.5,34.5,,,,,,,,,,,,,,,,,,,,,,,,,
2022-09-30,,,,,,,,,,,,,96.0,54.0,77.0,34.3,95.5,4.1,1131.0,100.0,93.0,423.0,485.0,266.0,88.0,69.0,62.0,432.0,69.0,,,,,,,,,,,,,,,,,,,,,,,,,
2022-10-01,,,,,,,,,,,,,,,,,,,,,,592.0,635.0,362.0,87.0,143.0,43.0,457.0,5.0,,,,,,,,,,,,,,,,,,,,,,,,,
2022-12-07,,,,,,,,,,,,,96.0,51.0,105.0,35.0,96.53,2.9000000000000004,1004.5,84.0,92.0,,,,,,,,,,,,,,,,,,,,,,,,,,,,,,,,,
2022-12-08,,,,,,,,,,,,,62.0,47.0,65.0,33.8,96.0,6.3,695.0,81.0,92.0,407.0,441.0,272.0,56.0,79.0,34.0,484.0,0.0,,,,,,,,,,,,,,,,,,,,,,,,,
2022-12-09,,,,,,,,,,,,,,,,,,,,,,394.0,426.0,231.0,78.0,85.0,32.0,486.0,35.0,,,,,,,,,,,,,,,,,,,,,,,,,
2023-02-15,,,,,,,1.0,45.0,16.1,701.0,158.0,184.0,95.0,51.0,79.0,34.0,95.63,11.8,1619.5,76.0,96.0,,,,,,,,,,,,,,,,,,,,,,,,,,,,,,,,,
2023-02-16,,,,,,,,,,,,,94.0,52.0,77.0,33.68,96.35,5.2,1751.0,79.0,98.0,400.0,416.0,289.0,43.0,68.0,16.0,528.0,0.0,,,,,,,,,,,,,,,,,,,,,,,,,
2023-02-17,,,,,,,,,,,,,88.0,48.0,69.0,33.8,95.92,7.0,1883.0,100.0,97.0,472.0,500.0,342.0,84.0,46.0,28.0,509.0,56.5,,,,,,,,,,,,,,,,,,,,,,,,,
2023-02-18,,,,,,,,,,,,,66.0,53.0,50.0,33.8,96.53,6.7,1833.0,100.0,86.0,570.0,592.0,445.0,92.0,33.0,22.0,436.0,60.0,,,,,,,,,,,,,,,,,,,,,,,,,
2023-02-19,,,,,,,,,,,,,22.0,71.0,61.0,34.2,96.25,7.6,1070.0,30.0,82.0,818.0,959.0,497.0,203.0,118.0,139.0,430.0,0.0,,,,,,,,,,,,,,,,,,,,,,,,,
2023-02-20,,,,,,,,,,,,,,,,,,,,,,162.0,196.0,105.0,24.0,33.0,34.0,536.0,85.0,,,,,,,,,,,,,,,,,,,,,,,,,
2023-02-24,,,,,,,,,,,,,98.0,56.0,82.0,34.4,96.64,6.75,1454.0,95.0,89.0,,,,,,,,,,,,,,,,,,,,,,,,,,,,,,,,,
2023-02-25,,,,,,,,,,,,,63.0,65.0,49.0,34.6,94.31,11.3,2293.0,100.0,90.0,508.0,568.0,294.0,116.0,98.0,60.0,535.0,85.0,,,,,,,,,,,,,,,,,,,,,,,,,
2023-02-26,,,,,,,,,,,,,97.0,52.0,82.0,34.08,96.14,5.6,1963.0,91.0,91.0,579.0,642.0,353.0,124.0,102.0,63.0,472.0,14.0,,,,,,,,,,,,,,,,,,,,,,,,,
2023-02-27,,,,,,,,,,,,,96.0,52.0,111.0,34.73,95.72,4.7,1682.0,85.0,97.0,424.0,463.0,284.0,83.0,57.0,35.0,464.0,0.0,,,,,,,,,,,,,,,,,,,,,,,,,
2023-02-28,,,,,,,,,,,,,67.0,47.0,74.0,33.8,94.88,4.7,1957.0,89.0,97.0,405.0,416.0,331.0,57.0,17.0,11.0,477.0,25.0,,,,,,,,,,,,,,,,,,,,,,,,,
2023-03-01,,,,,,,,,,,,,79.0,47.0,92.0,34.4,96.42,4.4,1739.0,74.0,91.0,429.0,445.0,330.0,42.0,57.0,16.0,484.0,33.0,,,,,,,,,,,,,,,,,,,,,,,,,
2023-03-02,,,,,,,,,,,,,86.0,49.0,97.0,34.21,96.25,4.3,1787.0,94.0,98.0,349.0,381.0,280.0,52.0,17.0,32.0,475.0,24.0,,,,,,,,,,,,,,,,,,,,,,,,,
2023-03-03,,,,,,,,,,,,,64.0,51.0,80.0,34.03,95.52,4.1,1785.0,100.0,88.0,475.0,494.0,234.0,92.0,149.0,19.0,508.0,58.0,,,,,,,,,,,,,,,,,,,,,,,,,
2023-03-04,,,,,,,,,,,,,71.0,49.0,85.0,33.9,97.68,4.7,1785.0,100.0,95.0,488.0,553.0,301.0,111.0,76.0,65.0,467.0,17.0,,,,,,,,,,,,,,,,,,,,,,,,,
2023-03-05,,,,,,,,,,,,,27.0,63.0,47.0,33.99,96.26,4.6,1811.0,100.0,88.0,502.0,527.0,315.0,114.0,73.0,25.0,450.0,0.0,,,,,,,,,,,,,,,,,,,,,,,,,
2023-03-06,,,,,,,,,,,,,40.0,49.0,57.0,34.1,96.8,4.6,1849.0,99.0,88.0,547.0,615.0,294.0,97.0,156.0,68.0,450.0,0.0,,,,,,,,,,,,,,,,,,,,,,,,,
2023-03-07,,,,,,,,,,,,,65.0,50.0,77.0,34.37,96.4,5.0,1732.0,100.0,93.0,444.0,518.0,352.0,70.0,22.0,74.0,450.0,0.0,,,,,,,,,,,,,,,,,,,,,,,,,
2023-03-08,,,,,,,,,,,,,29.0,58.0,45.0,34.35,94.88,5.9,1932.0,96.0,86.0,455.0,489.0,296.0,78.0,81.0,34.0,453.0,2.0,,,,,,,,,,,,,,,,,,,,,,,,,
2023-03-09,,,,,,,,,,,,,1.0,55.0,56.0,30.82,,5.0,1784.0,14.0,83.0,499.0,578.0,304.0,120.0,75.0,79.0,457.0,5.5,,,,,,,,,,,,,,,,,,,,,,,,,
2023-03-10,,,,,,,,,,,,,71.0,57.0,74.0,34.3,96.36,8.7,2045.0,100.0,87.0,541.0,664.0,283.0,118.0,140.0,123.0,423.0,5.5,,,,,,,,,,,,,,,,,,,,,,,,,
2023-03-11,,,,,,,,,,,,,89.0,51.0,87.0,33.96,95.78,8.5,2036.0,100.0,91.0,597.0,685.0,403.0,63.0,131.0,88.0,387.0,0.0,,,,,,,,,,,,,,,,,,,,,,,,,
2023-03-12,,,,,,,,,,,,,59.0,51.0,66.0,34.0,95.4,6.7,1972.0,100.0,87.0,580.0,634.0,316.0,129.0,135.0,54.0,456.0,0.0,,,,,,,,,,,,,,,,,,,,,,,,,
2023-03-13,,,,,,,,,,,,,92.0,51.0,94.0,34.2,95.92,5.8,1804.0,86.0,94.0,516.0,589.0,353.0,90.0,73.0,73.0,456.0,0.0,,,,,,,,,,,,,,,,,,,,,,,,,
2023-03-14,,,,,,,,,,,,,42.0,56.0,61.0,33.8,96.5,9.0,2005.0,82.0,92.0,390.0,415.0,264.0,68.0,58.0,25.0,453.0,0.0,,,,,,,,,,,,,,,,,,,,,,,,,
2023-03-15,,,,,,,,,,,,,1.0,65.0,49.0,,,6.9,1992.0,16.0,97.0,394.0,429.0,151.0,100.0,143.0,35.0,483.0,31.0,,,,,,,,,,,,,,,,,,,,,,,,,
2023-03-16,,,,,,,,,,,,,78.0,50.0,79.0,34.24,96.37,6.5,1826.0,100.0,94.0,591.0,688.0,341.0,103.0,147.0,97.0,474.5,20.0,,,,,,,,,,,,,,,,,,,,,,,,,
2023-03-17,,,,,,,,,,,,,88.0,53.0,89.0,34.1,96.44,0.1,726.0,100.0,93.0,563.0,596.0,274.0,116.0,173.0,33.0,380.0,0.0,,,,,,,,,,,,,,,,,,,,,,,,,
2023-03-18,,,,,,,,,,,,,,,,,,,,,,517.0,564.0,274.0,115.0,128.0,47.0,452.0,0.0,,,,,,,,,,,,,,,,,,,,,,,,,
2023-03-22,,,,,,,,,,,,,1.0,56.0,123.0,,,5.7,1475.0,13.0,100.0,,,,,,,,,,,,,,,,,,,,,,,,,,,,,,,,,
2023-03-23,,,,,,,,,,,,,1.0,72.0,45.0,30.43,,7.2,1871.0,11.0,91.0,414.0,437.0,236.0,106.0,72.0,23.0,476.0,24.5,,,,,,,,,,,,,,,,,,,,,,,,,
2023-03-24,,,,,,,,,,,,,64.0,58.0,68.0,34.29,95.56,6.1,1973.0,100.0,81.0,550.0,689.0,315.0,102.0,133.0,139.0,445.0,24.5,,,,,,,,,,,,,,,,,,,,,,,,,
2023-03-25,,,,,,,,,,,,,,,,,,1.7,173.0,,,669.0,832.0,433.0,123.0,113.0,163.0,405.0,0.0,,,,,,,,,,,,,,,,,,,,,,,,,
2023-05-01,,,,,,,1.0,42.0,15.5,653.0,159.0,186.0,95.0,56.0,84.0,33.5,96.05,17.4,2406.5,76.0,90.0,,,,,,,,,,,,,,,,,,,,,,,,,,,,,,,,,
2023-05-02,,,,,,,1.0,46.0,17.1,780.0,166.0,189.0,72.0,61.0,60.0,34.5,95.95,16.8,2612.0,86.0,95.0,399.0,449.0,255.0,110.0,34.0,50.0,529.0,0.0,,,,,,,,,,,,,,,,,,,,,,,,,
2023-05-03,,,,,,,1.0,40.0,15.7,645.0,164.0,187.0,79.0,60.0,66.0,34.6,96.35,15.6,2549.0,92.0,88.0,484.0,515.0,403.0,76.0,5.0,31.0,563.0,53.0,,,,,,,,,,,,,,,,,,,,,,,,,
2023-05-04,,,,,,,1.0,43.0,14.6,621.0,156.0,181.0,98.0,58.0,86.0,33.4,97.32,7.8,1948.0,96.0,95.0,497.0,572.0,326.0,106.0,65.0,75.0,537.0,40.0,,,,,,,,,,,,,,,,,,,,,,,,,
2023-05-05,,,,,,,,,,,,,98.0,53.0,102.0,34.0,95.86,6.5,1952.0,100.0,92.0,490.0,516.0,329.0,66.0,95.0,26.0,511.0,23.0,,,,,,,,,,,,,,,,,,,,,,,,,
2023-05-06,,,,,,,,,,,,,65.0,58.0,75.0,33.5,96.72,5.6,1798.0,100.0,86.0,526.0,576.0,322.0,102.0,102.0,50.0,466.0,11.0,,,,,,,,,,,,,,,,,,,,,,,,,
2023-05-07,,,,,,,,,,,,,92.0,60.0,98.0,34.4,95.93,4.2,1823.0,100.0,95.0,596.0,687.0,281.0,167.0,148.0,91.0,452.0,0.0,,,,,,,,,,,,,,,,,,,,,,,,,
2023-05-08,,,,,,,,,,,,,83.0,57.0,94.0,34.1,95.79,4.9,1858.0,100.0,91.0,492.0,515.0,324.0,97.0,71.0,23.0,451.0,0.0,,,,,,,,,,,,,,,,,,,,,,,,,
2023-05-09,,,,,,,,,,,,,88.0,52.0,99.0,34.2,95.72,5.5,1793.0,100.0,94.0,476.0,524.0,336.0,90.0,50.0,48.0,450.0,0.0,,,,,,,,,,,,,,,,,,,,,,,,,
2023-05-10,,,,,,,,,,,,,27.0,66.0,53.0,34.6,96.8,6.8,1941.0,90.0,83.0,459.0,492.0,336.0,66.0,57.0,33.0,450.0,0.0,,,,,,,,,,,,,,,,,,,,,,,,,
2023-05-11,,,,,,,,,,,,,18.0,71.0,60.0,34.9,96.95,5.0,1063.0,100.0,79.0,406.0,490.0,256.0,89.0,61.0,84.0,451.0,0.0,,,,,,,,,,,,,,,,,,,,,,,,,
2023-05-12,,,,,,,,,,,,,,,,,,,,,,481.0,603.0,321.0,111.0,49.0,122.0,475.0,22.0,,,,,,,,,,,,,,,,,,,,,,,,,
2023-05-31,,,,,,,,,,,,,67.0,50.0,76.0,33.6,97.32,4.05,1087.0,87.0,89.0,,,,,,,,,,,,,,,,,,,,,,,,,,,,,,,,,
2023-06-01,,,,,,,,,,,,,30.0,62.0,44.0,32.73,94.86,7.1,1926.0,82.0,91.0,422.0,473.0,237.0,85.0,100.0,51.0,483.0,0.0,,,,,,,,,,,,,,,,,,,,,,,,,
2023-06-02,,,,,,,,,,,,,44.0,65.0,54.0,33.29,96.25,5.7,1859.0,98.0,81.0,397.0,434.0,287.0,76.0,34.0,37.0,484.0,29.0,,,,,,,,,,,,,,,,,,,,,,,,,
2023-06-03,,,,,,,,,,,,,67.0,54.0,73.0,34.16,96.02,5.1,1870.0,100.0,86.0,481.0,595.0,322.0,77.0,82.0,114.0,493.0,40.0,,,,,,,,,,,,,,,,,,,,,,,,,
2023-06-04,,,,,,,,,,,,,78.0,52.0,82.0,33.8,96.22,4.4,1795.0,98.0,83.0,550.0,634.0,401.0,101.0,48.0,84.0,457.0,5.0,,,,,,,,,,,,,,,,,,,,,,,,,
2023-06-05,,,,,,,,,,,,,47.0,56.0,61.0,32.9,97.38,4.5,1806.0,100.0,85.0,439.0,526.0,298.0,109.0,32.0,87.0,451.0,0.0,,,,,,,,,,,,,,,,,,,,,,,,,
2023-06-06,,,,,,,,,,,,,,,,,,,,,,490.0,576.0,225.0,132.0,133.0,86.0,456.0,5.0,,,,,,,,,,,,,,,,,,,,,,,,,
2023-07-05,,,,,,,,,,,,,98.0,53.0,85.0,34.2,95.82,2.9,1032.0,100.0,92.0,,,,,,,,,,,,,,,,,,,,,,,,,,,,,,,,,
2023-07-06,,,,,,,,,,,,,95.0,53.0,80.0,33.34,95.13,7.5,2176.0,100.0,91.0,542.0,591.0,375.0,89.0,78.0,49.0,483.0,0.0,,,,,,,,,,,,,,,,,,,,,,,,,
2023-07-07,,,,,,,,,,,,,98.0,55.0,94.0,34.0,96.23,4.2,1440.0,100.0,89.0,596.0,667.0,321.0,151.0,124.0,71.0,451.0,0.0,,,,,,,,,,,,,,,,,,,,,,,,,
2023-07-08,,,,,,,,,,,,,58.0,61.0,50.0,33.6,95.63,5.2,1954.0,100.0,82.0,545.0,615.0,400.0,98.0,47.0,70.0,454.0,0.0,,,,,,,,,,,,,,,,,,,,,,,,,
2023-07-09,,,,,,,,,,,,,95.0,55.0,89.0,33.6,96.65,15.6,2561.0,100.0,76.0,592.0,715.0,431.0,119.0,42.0,123.0,450.0,0.0,,,,,,,,,,,,,,,,,,,,,,,,,
2023-07-10,,,,,,,1.0,40.0,15.1,609.0,159.0,183.0,44.0,57.0,54.0,34.2,96.07,4.3,1791.0,83.0,95.0,592.0,781.0,339.0,107.0,146.0,189.0,451.0,0.0,,,,,,,,,,,,,,,,,,,,,,,,,
2023-07-11,,,,,,,,,,,,,77.0,50.0,83.0,33.3,96.16,8.5,2199.0,100.0,89.0,403.0,422.0,297.0,62.0,44.0,19.0,488.0,0.0,,,,,,,,,,,,,,,,,,,,,,,,,
2023-07-12,,,,,,,,,,,,,,,,,,,,,,588.0,661.0,388.0,92.0,108.0,73.0,488.0,38.0,,,,,,,,,,,,,,,,,,,,,,,,,
2023-07-13,,,,,,,,,,,,,79.5,50.0,84.0,33.18,96.53,4.85,1753.0,100.0,86.5,514.0,556.0,318.0,92.0,104.0,42.0,456.0,0.0,,,,,,,,,,,,,,,,,,,,,,,,,
2023-07-14,,,,,,,,,,,,,40.0,62.0,57.0,33.1,96.3,6.8,2069.0,100.0,87.0,543.0,664.0,300.0,155.0,88.0,121.0,450.0,0.0,,,,,,,,,,,,,,,,,,,,,,,,,
2023-07-15,,,,,,,,,,,,,,,,,,,,,,472.0,543.0,236.0,106.0,130.0,71.0,451.0,0.0,,,,,,,,,,,,,,,,,,,,,,,,,
2023-07-16,,,,,,,,,,,,,82.5,54.5,96.5,34.2,95.335,3.3,1385.0,94.5,94.5,403.0,412.0,248.0,102.0,53.0,9.0,453.0,0.0,,,,,,,,,,,,,,,,,,,,,,,,,
2023-07-17,,,,,,,,,,,,,,,,,,,,,,597.0,643.0,406.0,99.0,92.0,46.0,474.0,24.0,,,,,,,,,,,,,,,,,,,,,,,,,
2023-07-23,,,,,,,,,,,,,76.0,51.0,82.0,33.89,94.33,2.2,937.0,100.0,96.0,,,,,,,,,,,,,,,,,,,,,,,,,,,,,,,,,
2023-07-24,,,,,,,,,,,,,86.0,53.0,90.0,33.5,95.73,5.4,1751.0,100.0,74.0,589.0,615.0,429.0,83.0,77.0,26.0,448.0,0.0,,,,,,,,,,,,,,,,,,,,,,,,,
2023-07-25,,,,,,,,,,,,,18.0,68.0,31.0,33.6,96.53,8.7,2074.0,100.0,84.0,666.0,894.0,423.0,80.0,163.0,228.0,450.0,0.0,,,,,,,,,,,,,,,,,,,,,,,,,
2023-07-26,,,,,,,,,,,,,96.0,52.0,102.0,33.81,96.22,6.1,1906.0,100.0,87.0,558.0,662.0,335.0,124.0,99.0,104.0,451.0,0.0,,,,,,,,,,,,,,,,,,,,,,,,,
2023-07-27,,,,,,,,,,,,,54.0,55.0,63.0,33.9,96.09,4.6,1827.0,100.0,79.0,586.0,668.0,373.0,135.0,78.0,82.0,456.0,0.0,,,,,,,,,,,,,,,,,,,,,,,,,
2023-07-28,,,,,,,,,,,,,58.0,54.0,72.0,34.0,94.79,5.0,1769.0,100.0,91.0,586.0,736.0,421.0,116.0,49.0,150.0,452.0,0.0,,,,,,,,,,,,,,,,,,,,,,,,,
2023-07-29,,,,,,,,,,,,,64.0,54.0,77.0,34.1,95.39,5.5,1842.0,100.0,94.0,531.0,580.0,331.0,117.0,83.0,49.0,450.0,0.0,,,,,,,,,,,,,,,,,,,,,,,,,
2023-07-30,,,,,,,,,,,,,10.0,55.0,93.0,31.13,96.0,5.0,1851.0,14.0,93.0,676.0,713.0,457.0,122.0,97.0,37.0,450.0,0.0,,,,,,,,,,,,,,,,,,,,,,,,,
2023-07-31,,,,,,,,,,,,,87.0,51.0,95.0,34.0,94.93,7.8,2054.0,100.0,97.0,421.0,433.0,349.0,17.0,55.0,12.0,474.0,24.5,,,,,,,,,,,,,,,,,,,,,,,,,
2023-08-01,,,,,,,,,,,,,63.0,52.0,74.0,33.2,96.75,1.6,754.0,100.0,95.0,603.0,621.0,424.0,103.0,76.0,18.0,430.0,49.0,,,,,,,,,,,,,,,,,,,,,,,,,
2023-08-02,,,,,,,,,,,,,,,,,,,,,,484.0,516.0,292.0,102.0,90.0,32.0,454.0,0.0,,,,,,,,,,,,,,,,,,,,,,,,,
2023-08-31,,,,,,,,,,,,,53.0,59.0,41.0,34.4,95.07,8.649999999999999,1371.0,74.0,95.0,,,,,,,,,,,,,,,,,,,,,,,,,,,,,,,,,
2023-09-01,,,,,,,,,,,,,94.0,55.0,75.0,34.42,95.78,7.0,1822.0,85.0,92.0,359.0,376.0,246.0,76.0,37.0,17.0,488.0,0.0,,,,,,,,,,,,,,,,,,,,,,,,,
2023-09-02,,,,,,,,,,,,,64.0,62.0,47.0,34.1,97.27,8.0,1946.0,100.0,89.0,442.0,487.0,235.0,92.0,115.0,45.0,518.0,58.0,,,,,,,,,,,,,,,,,,,,,,,,,
2023-09-03,,,,,,,,,,,,,92.0,51.0,71.0,33.88,97.22,6.4,1868.0,100.0,89.0,518.0,586.0,281.0,119.0,118.0,68.0,496.0,43.0,,,,,,,,,,,,,,,,,,,,,,,,,
2023-09-04,,,,,,,,,,,,,51.0,55.0,51.0,34.0,97.0,4.1,651.0,53.0,95.0,529.0,592.0,346.0,106.0,77.0,63.0,454.0,0.0,,,,,,,,,,,,,,,,,,,,,,,,,
2023-09-05,,,,,,,,,,,,,,,,,,,,,,239.0,266.0,196.0,20.0,23.0,27.0,452.0,0.0,,,,,,,,,,,,,,,,,,,,,,,,,
2023-09-23,,,,,,,,,,,,,90.0,51.0,71.0,34.1,93.89,4.15,960.0,84.0,95.0,,,,,,,,,,,,,,,,,,,,,,,,,,,,,,,,,
2023-09-24,,,,,,,,,,,,,61.0,62.0,47.0,34.1,96.27,6.6,2179.0,78.0,82.0,405.0,425.0,295.0,39.0,71.0,20.0,483.0,0.0,,,,,,,,,,,,,,,,,,,,,,,,,
2023-09-25,,,,,,,,,,,,,96.0,56.0,90.0,33.8,91.8,6.4,1851.0,84.0,96.0,388.0,472.0,299.0,57.0,32.0,84.0,494.0,39.0,,,,,,,,,,,,,,,,,,,,,,,,,
2023-09-26,,,,,,,1.0,59.0,0.1,73.0,74.0,103.0,98.0,53.0,88.0,33.77,96.83,5.5,1887.0,100.0,98.0,424.0,437.0,308.0,77.0,39.0,13.0,505.0,53.0,,,,,,,,,,,,,,,,,,,,,,,,,
2023-09-27,,,,,,,,,,,,,98.0,51.0,96.0,33.5,96.6,7.4,1915.0,99.0,96.0,506.0,515.0,294.0,66.0,146.0,9.0,504.0,52.0,,,,,,,,,,,,,,,,,,,,,,,,,
2023-09-28,,,,,,,,,,,,,31.0,67.0,47.0,33.58,94.7,6.0,1852.0,100.0,88.0,445.0,473.0,245.0,67.0,133.0,28.0,451.0,0.0,,,,,,,,,,,,,,,,,,,,,,,,,
2023-09-29,,,,,,,,,,,,,92.0,54.0,104.0,33.3,95.36,5.7,1697.0,100.0,93.0,456.0,513.0,282.0,66.0,108.0,57.0,458.0,4.0,,,,,,,,,,,,,,,,,,,,,,,,,
2023-09-30,,,,,,,,,,,,,44.0,60.0,61.0,34.26,94.8,4.4,1963.0,100.0,85.0,588.0,633.0,354.0,128.0,106.0,45.0,452.0,0.0,,,,,,,,,,,,,,,,,,,,,,,,,
2023-10-01,,,,,,,,,,,,,77.0,49.0,90.0,33.5,96.21,5.1,2028.0,100.0,93.0,561.0,672.0,339.0,133.0,89.0,111.0,451.0,0.0,,,,,,,,,,,,,,,,,,,,,,,,,
2023-10-02,,,,,,,,,,,,,,,,,,,,,,509.0,550.0,237.0,157.0,115.0,41.0,450.0,0.0,,,,,,,,,,,,,,,,,,,,,,,,,
2023-10-03,,,,,,,,,,,,,67.0,50.5,82.5,34.2,96.37,7.1499999999999995,1981.0,87.0,94.5,374.0,408.0,235.0,78.0,61.0,34.0,451.0,0.0,,,,,,,,,,,,,,,,,,,,,,,,,
2023-10-04,,,,,,,,,,,,,,,,,,,,,,448.0,474.0,348.0,68.0,32.0,26.0,496.0,38.0,,,,,,,,,,,,,,,,,,,,,,,,,
2023-10-05,,,,,,,,,,,,,24.0,58.0,46.0,33.7,94.0,7.2,1536.0,65.0,96.0,309.0,322.0,161.0,97.0,51.0,13.0,474.0,23.0,,,,,,,,,,,,,,,,,,,,,,,,,
2023-10-16,,,,,,,,,,,,,97.0,51.0,100.0,34.8,95.9,5.25,1237.5,96.0,93.0,,,,,,,,,,,,,,,,,,,,,,,,,,,,,,,,,
2023-10-17,,,,,,,,,,,,,36.0,60.0,52.0,33.8,96.19,11.7,2192.0,64.0,96.0,513.0,549.0,382.0,85.0,46.0,36.0,532.0,82.0,,,,,,,,,,,,,,,,,,,,,,,,,
2023-10-18,,,,,,,1.0,31.0,8.0,286.0,129.0,146.0,64.0,52.0,70.0,33.7,95.52,10.9,2328.0,100.0,95.0,295.0,314.0,226.0,50.0,19.0,19.0,464.0,12.0,,,,,,,,,,,,,,,,,,,,,,,,,
2023-10-19,,,,,,,2.0,62.0,12.2,360.0,116.0,135.0,82.0,52.0,86.0,34.4,94.97,6.6,1895.0,100.0,97.0,566.0,606.0,386.0,111.0,69.0,40.0,551.0,84.0,,,,,,,,,,,,,,,,,,,,,,,,,
2023-10-20,,,,,,,,,,,,,40.0,70.0,50.0,34.3,95.32,7.1,2079.0,100.0,81.0,465.0,479.0,317.0,93.0,55.0,14.0,463.0,0.0,,,,,,,,,,,,,,,,,,,,,,,,,
2023-10-21,,,,,,,,,,,,,95.0,52.0,103.0,34.0,97.96,6.9,1779.0,100.0,94.0,489.0,605.0,346.0,106.0,37.0,116.0,452.0,0.0,,,,,,,,,,,,,,,,,,,,,,,,,
2023-10-22,,,,,,,,,,,,,65.0,58.0,79.0,33.98,94.87,6.6,2008.0,100.0,87.0,456.0,484.0,278.0,92.0,86.0,28.0,453.0,0.0,,,,,,,,,,,,,,,,,,,,,,,,,
2023-10-23,,,,,,,,,,,,,66.0,52.0,79.0,34.0,95.24,7.1,1947.0,98.0,96.0,489.0,558.0,272.0,94.0,123.0,69.0,453.0,0.0,,,,,,,,,,,,,,,,,,,,,,,,,
2023-10-24,,,,,,,,,,,,,48.0,57.0,67.0,33.9,94.55,6.6,1813.0,100.0,94.0,445.0,463.0,257.0,72.0,116.0,18.0,452.0,0.0,,,,,,,,,,,,,,,,,,,,,,,,,
2023-10-25,,,,,,,,,,,,,73.0,50.0,84.0,34.3,96.5,5.1,1316.0,100.0,95.0,491.0,529.0,292.0,106.0,93.0,38.0,458.0,4.0,,,,,,,,,,,,,,,,,,,,,,,,,
2023-10-26,,,,,,,,,,,,,,,,,,,,,,500.0,535.0,290.0,111.0,99.0,35.0,452.0,0.0,,,,,,,,,,,,,,,,,,,,,,,,,
2023-10-31,,,,,,,,,,,,,,,,,,,,,,,,,,,,,,,,,,,,,,,,,,,,,,,,,,,,,,
2023-11-08,,,,,,,,,,,,,,,,,,,,,,,,,,,,,,,,,,,,,,,,,,,,,,,,,,,,,,
2023-11-18,,,,,,,,,,,,,,,,,,,,,,,,,,,,,,,,,,,,,,,,,,,,,,,,,,,,,,
2024-01-02,,,,,,,,,,,,,85.0,53.0,92.0,34.3,96.26,5.85,1398.0,100.0,92.0,,,,,,,,,,,,,,,,,,,,,,,,,,,,,,,,,
2024-01-03,,,,,,,,,,,,,,,,,,,,,,515.0,555.0,361.0,76.0,78.0,40.0,486.0,0.0,,,,,,,,,,,,,,,,,,,,,,,,,
2024-01-06,,,,,,,,,,,,,,,,,,2.1,205.0,,,,,,,,,,,,,,,,,,,,,,,,,,,,,,,,,,,
2024-01-14,,,,,,,,,,,,,36.0,120.0,47.0,,,3.1,364.0,100.0,88.0,,,,,,,,,,,,,,,,,,,,,,,,,,,,,,,,,
2024-01-15,,,,,,,,,,,,,,,,,,,,,,741.0,835.0,741.0,0.0,0.0,90.0,452.0,0.0,,,,,,,,,,,,,,,,,,,,,,,,,
2024-02-09,,,,,,,,,,,,,,,,,,,,,,,,,,,,,,,,,,,,,,,,,,,,,,,,,,,,,,
2024-02-20,,,,,,,,,,,,,,,,,,,,,,,,,,,,,,,,,,,,,,,,,,,,,,,,,,,,,,
2024-03-14,,,,,,,,,,,,,,,,,,,,,,,,,,,,,,,,,,,,,,,,,,,,,,,,,,,,,,
2024-03-15,,,,,,,,,,,,,,,,,,,,,,,,,,,,,,,,,,,,,,,,,,,,,,,,,,,,,,
2024-03-16,,,,,,,,,,,,,,,,,,,,,,,,,,,,,,,,,,,,,,,,,,,,,,,,,,,,,,
2024-03-20,,,,,,,,,,,,,,,,,,,,,,,,,,,,,,,,,,,,,,,,,,,,,,,,,,,,,,
2024-03-23,,,,,,,,,,,,,,,,,,,,,,,,,,,,,,,,,,,,,,,,,,,,,,,,,,,,,,
2024-03-24,,,,,,,,,,,,,,,,,,,,,,,,,,,,,,,,,,,,,,,,,,,,,,,,,,,,,,
2024-04-29,,,,,,,,,,,,,56.0,65.0,53.0,33.8,95.18,5.35,1381.5,99.0,94.0,,,,,,,,,,,,,,,,,,,,,,,,,,,,,,,,,
2024-04-30,,,,,,,,,,,,,76.0,55.0,64.0,33.6,97.23,5.2,1845.0,100.0,86.0,482.0,522.0,363.0,117.0,2.0,40.0,486.0,0.0,,,,,,,,,,,,,,,,,,,,,,,,,
2024-05-01,,,,,,,,,,,,,69.0,54.0,58.0,33.8,97.44,5.5,1932.0,100.0,91.0,468.0,539.0,324.0,111.0,33.0,71.0,453.0,2.0,,,,,,,,,,,,,,,,,,,,,,,,,
2024-05-02,,,,,,,,,,,,,51.0,58.0,41.0,33.9,95.65,5.5,1958.0,100.0,97.0,501.0,562.0,342.0,79.0,80.0,61.0,451.0,0.0,,,,,,,,,,,,,,,,,,,,,,,,,
2024-05-03,,,,,,,,,,,,,42.0,63.0,35.0,34.1,96.92,4.9,1867.0,100.0,92.0,506.0,534.0,419.0,82.0,5.0,28.0,451.0,0.0,,,,,,,,,,,,,,,,,,,,,,,,,
2024-05-04,,,,,,,,,,,,,67.0,59.0,52.0,33.6,97.18,4.9,1879.0,100.0,91.0,539.0,585.0,381.0,90.0,68.0,46.0,451.0,0.0,,,,,,,,,,,,,,,,,,,,,,,,,
2024-05-05,,,,,,,,,,,,,74.0,56.0,54.0,34.0,97.43,0.2,887.0,94.0,96.0,579.0,632.0,352.0,138.0,89.0,53.0,450.0,0.0,,,,,,,,,,,,,,,,,,,,,,,,,
2024-05-06,,,,,,,,,,,,,,,,,,,,,,424.0,461.0,280.0,79.0,65.0,37.0,450.0,0.0,,,,,,,,,,,,,,,,,,,,,,,,,
2024-05-13,,,,,,,,,,,,,,,,,,,,,,,,,,,,,,,,,,,,,,,,,,,,,,,,,,,,,,
2024-08-08,,,,,,,,,,,,,,,,,,,,,,,,,,,,,,,,,,,,,,,,,,,,,,,,,,,,,,
2024-08-09,,,,,,,,,,,,,,,,,,,,,,,,,,,,,,,,,,,,,,,,,,,,,,,,,,,,,,
2024-08-10,,,,,,,2.0,41.0,22.6,594.0,156.0,187.0,59.0,59.0,49.0,32.79,96.05,12.05,2050.0,85.0,93.0,,,,,,,,,,,,,,,,,,,,,,,,,,,,,,,,,
2024-08-11,,,,,,,,,,,,,93.0,52.0,72.0,32.4,95.84,6.7,1965.0,88.0,88.0,454.0,487.0,238.0,103.0,113.0,33.0,533.0,0.0,,,,,,,,,,,,,,,,,,,,,,,,,
2024-08-12,,,,,,,,,,,,,96.0,54.0,97.0,32.9,95.48,7.4,2019.0,100.0,97.0,434.0,495.0,209.0,110.0,115.0,61.0,492.0,39.0,,,,,,,,,,,,,,,,,,,,,,,,,
2024-08-13,,,,,,,1.0,31.0,4.1,47.0,90.0,110.0,68.0,59.0,60.0,33.1,94.53,6.8,2069.0,93.0,97.0,567.0,591.0,362.0,93.0,112.0,24.0,490.0,37.0,,,,,,,,,,,,,,,,,,,,,,,,,
2024-08-14,,,,,,,,,,,,,84.0,56.0,68.0,33.15,96.16,6.7,1840.0,100.0,87.0,422.0,442.0,212.0,108.0,102.0,20.0,453.0,0.0,,,,,,,,,,,,,,,,,,,,,,,,,
2024-08-15,,,,,,,,,,,,,92.0,57.0,89.0,33.2,95.56,4.3,1948.0,100.0,95.0,487.0,555.0,330.0,39.0,118.0,68.0,468.0,15.0,,,,,,,,,,,,,,,,,,,,,,,,,
2024-08-16,,,,,,,,,,,,,6.0,63.0,66.0,33.28,,5.2,1801.0,11.0,78.0,500.0,526.0,321.0,101.0,78.0,26.0,452.0,0.0,,,,,,,,,,,,,,,,,,,,,,,,,
2024-08-17,,,,,,,,,,,,,63.0,54.0,71.0,33.08,97.2,4.6,2024.0,100.0,94.0,551.0,654.0,317.0,131.0,103.0,103.0,450.0,0.0,,,,,,,,,,,,,,,,,,,,,,,,,
2024-08-18,,,,,,,,,,,,,48.0,53.0,59.0,33.2,96.5,6.0,1827.0,100.0,92.0,628.0,662.0,357.0,140.0,131.0,34.0,400.0,0.0,,,,,,,,,,,,,,,,,,,,,,,,,
2024-08-19,,,,,,,,,,,,,39.0,57.0,55.0,33.08,96.0,5.5,1954.0,99.0,81.0,484.0,526.0,304.0,83.0,97.0,42.0,450.0,0.0,,,,,,,,,,,,,,,,,,,,,,,,,
2024-08-20,,,,,,,,,,,,,45.0,56.0,58.0,33.3,96.05,5.0,1827.0,100.0,92.0,448.0,563.0,265.0,128.0,55.0,115.0,451.0,0.0,,,,,,,,,,,,,,,,,,,,,,,,,
2024-08-21,,,,,,,,,,,,,23.0,63.0,37.0,33.02,96.59,5.5,1957.0,100.0,88.0,549.0,594.0,362.0,98.0,89.0,45.0,453.0,1.0,,,,,,,,,,,,,,,,,,,,,,,,,
2024-08-22,,,,,,,,,,,,,41.0,60.0,47.0,32.5,96.8,5.8,1871.0,100.0,92.0,503.0,581.0,326.0,123.0,54.0,78.0,450.0,0.0,,,,,,,,,,,,,,,,,,,,,,,,,
2024-08-23,,,,,,,,,,,,,29.0,59.0,38.0,32.37,95.95,9.1,2272.0,100.0,83.0,482.0,525.0,318.0,72.0,92.0,43.0,451.0,0.0,,,,,,,,,,,,,,,,,,,,,,,,,
2024-08-24,,,,,,,,,,,,,60.0,55.0,57.0,32.69,97.5,5.3,1782.0,100.0,87.0,604.0,721.0,372.0,147.0,85.0,117.0,451.0,0.0,,,,,,,,,,,,,,,,,,,,,,,,,
2024-08-25,,,,,,,,,,,,,34.0,60.0,43.0,32.96,96.83,4.3,846.0,100.0,92.0,608.0,698.0,314.0,149.0,145.0,90.0,457.0,0.0,,,,,,,,,,,,,,,,,,,,,,,,,
2024-08-26,,,,,,,,,,,,,,,,,,,,,,546.0,606.0,411.0,67.0,68.0,60.0,450.0,0.0,,,,,,,,,,,,,,,,,,,,,,,,,
2024-08-30,,,,,,,,,,,,,,,,,,,,,,,,,,,,,,,,,,,,,,,,,,,,,,,,,,,,,,
2024-08-31,,,,,,,,,,,,,,,,,,,,,,,,,,,,,,,,,,,,,,,,,,,,,,,,,,,,,,
2024-09-01,,,,,,,,,,,,,,,,,,,,,,,,,,,,,,,,,,,,,,,,,,,,,,,,,,,,,,
2024-09-22,,,,,,,,,,,,,,,,,,,,,,,,,,,,,,,,,,,,,,,,,,,,,,,,,,,,,,
2024-10-22,,,,,,,,,,,,,,,,,,,,,,,,,,,,,,,,,,,,,,,,,,,,,,,,,,,,,,
2024-10-24,,,,,,,,,,,,,,,,,,,,,,,,,,,,,,,,,,,,,,,,,,,,,,,,,,,,,,
2024-10-27,,,,,,,,,,,,,91.0,58.0,85.0,33.4,94.85,4.3,984.5,100.0,96.0,,,,,,,,,,,,,,,,,,,,,,,,,,,,,,,,,
2024-10-28,,,,,,,,,,,,,66.0,56.0,64.0,33.24,95.1,6.3,1955.0,100.0,92.0,567.0,584.0,394.0,105.0,68.0,17.0,484.0,0.0,,,,,,,,,,,,,,,,,,,,,,,,,
2024-10-29,,,,,,,,,,,,,67.0,55.0,64.0,33.1,96.38,7.9,2074.0,99.0,81.0,517.0,558.0,281.0,132.0,104.0,41.0,450.0,0.0,,,,,,,,,,,,,,,,,,,,,,,,,
2024-10-30,,,,,,,,,,,,,84.0,58.0,69.0,33.4,95.83,2.1,770.0,100.0,94.0,446.0,547.0,285.0,102.0,59.0,101.0,452.0,0.0,,,,,,,,,,,,,,,,,,,,,,,,,
2024-10-31,,,,,,,,,,,,,,,,,,,,,,497.0,531.0,290.0,132.0,75.0,34.0,457.0,2.0,,,,,,,,,,,,,,,,,,,,,,,,,
2024-11-07,,,,,,,,,,,,,,,,,,,,,,,,,,,,,,,,,,,,,,,,,,,,,,,,,,,,,,
2024-11-25,,,,,,,,,,,,,,,,,,,,,,,,,,,,,,,,,,,,,,,,,,,,,,,,,,,,,,
2024-12-08,,,,,,,,,,,,,,,,,,,,,,,,,,,,,,,,,,,,,,,,,,,,,,,,,,,,,,
2024-12-09,,,,,,,1.0,15.0,4.3,38.0,98.0,124.0,97.0,52.0,93.0,32.2,94.25,6.199999999999999,1376.0,94.0,95.0,,,,,,,,,,,,,,,,,,,,,,,,,,,,,,,,,
2024-12-10,,,,,,,,,,,,,73.0,53.0,71.0,33.3,95.9,11.6,2246.0,100.0,96.0,456.0,492.0,291.0,96.0,69.0,36.0,486.0,0.0,,,,,,,,,,,,,,,,,,,,,,,,,
2024-12-11,,,,,,,,,,,,,78.0,60.0,73.0,33.24,95.53,7.0,1915.0,100.0,93.0,512.0,533.0,339.0,66.0,107.0,21.0,467.0,15.0,,,,,,,,,,,,,,,,,,,,,,,,,
2024-12-12,,,,,,,,,,,,,,,,,,,,,,558.0,599.0,317.0,130.0,111.0,41.0,465.0,0.0,,,,,,,,,,,,,,,,,,,,,,,,,
2024-12-21,,,,,,,,,,,,,,,,,,,,,,,,,,,,,,,,,,,,,,,,,,,,,,,,,,,,,,
2025-05-18,,,,,,,,,,,,,84.0,58.0,64.0,33.0,94.11,6.699999999999999,1233.5,76.0,78.0,,,,,,,,,,,,,,,,,,,,,,,,,,,,,,,,,
2025-05-19,,,,,,,,,,,,,93.0,56.0,71.0,33.1,95.53,4.7,1838.0,85.0,86.0,454.0,581.0,230.0,124.0,100.0,127.0,485.0,0.0,,,,,,,,,,,,,,,,,,,,,,,,,
2025-05-20,,,,,,,,,,,,,98.0,52.0,104.0,34.33,96.0,4.8,1932.0,100.0,93.0,481.0,557.0,344.0,71.0,66.0,76.0,470.0,15.0,,,,,,,,,,,,,,,,,,,,,,,,,
2025-05-21,,,,,,,,,,,,,88.0,51.0,77.0,33.8,95.56,4.6,1852.0,97.0,95.0,532.0,583.0,357.0,117.0,58.0,51.0,450.0,0.0,,,,,,,,,,,,,,,,,,,,,,,,,
2025-05-22,,,,,,,,,,,,,98.0,50.0,88.0,33.89,95.93,5.3,1959.0,100.0,92.0,490.0,514.0,292.0,129.0,69.0,24.0,450.0,0.0,,,,,,,,,,,,,,,,,,,,,,,,,
2025-05-23,,,,,,,,,,,,,,,,,,,,,,517.0,561.0,343.0,144.0,30.0,44.0,450.0,0.0,,,,,,,,,,,,,,,,,,,,,,,,,
2025-05-24,,,,,,,,,,,,,80.0,53.0,73.0,33.52,95.76,6.9,1474.0,77.0,83.0,,,,,,,,,,,,,,,,,,,,,,,,,,,,,,,,,
2025-05-25,,,,,,,,,,,,,,,,,,,,,,641.0,767.0,482.0,83.0,76.0,126.0,452.0,0.0,,,,,,,,,,,,,,,,,,,,,,,,,
2025-05-30,,,,,,,,,,,,,,,,,,4.7,1011.0,,,,,,,,,,,,,,,,,,,,,,,,,,,,,,,,,,,
2025-06-09,,,,,,,,,,,,,,,,,,,,,,,,,,,,,,,,,,,,,,,,,,,,,,,,,,,,,,
2025-06-16,,,,,,,,,,,,,,,,,,,,,,,,,,,,,,,,,,,,,,,,,,,,,,,,,,,,,,
2025-06-27,,,,,,,,,,,,,,,,,,6.1,1003.0,,,,,,,,,,,,,,,,,,,,,,,,,,,,,,,,,,,
2025-06-28,,,,,,,,,,,,,97.0,53.0,83.0,32.91,95.25,5.2,1526.0,83.0,84.0,,,,,,,,,,,,,,,,,,,,,,,,,,,,,,,,,
2025-06-29,,,,,,,,,,,,,20.0,58.0,83.0,31.38,94.5,12.2,2714.0,1.0,60.0,662.0,848.0,418.0,111.0,133.0,186.0,468.0,0.0,,,,,,,,,,,,,,,,,,,,,,,,,
2025-06-30,,,,,,,2.0,36.0,14.0,353.0,127.0,160.0,32.0,64.0,44.0,34.14,95.1,16.7,3312.0,74.0,93.0,479.0,500.0,234.0,123.0,122.0,21.0,577.0,127.0,,,,,,,,,,,,,,,,,,,,,,,,,
2025-07-01,,,,,,,3.0,75.0,26.5,793.0,138.33333333333334,175.0,12.0,70.0,77.0,,,13.2,2529.0,8.0,63.0,590.0,635.0,356.0,134.0,100.0,45.0,116.0,127.0,,,,,,,,,,,,,,,,,,,,,,,,,
2025-07-02,,,,,,,2.0,35.0,14.0,344.0,132.5,165.0,79.0,62.0,62.0,33.84,95.62,8.6,2098.0,79.0,88.0,482.0,562.0,322.0,96.0,64.0,80.0,489.5,16.0,,,,,,,,,,,,,,,,,,,,,,,,,
2025-07-03,,,,,,,2.0,40.0,10.4,206.0,111.0,147.0,98.0,55.0,94.0,33.77,95.25,10.4,2229.0,80.0,86.0,553.0,645.0,312.0,136.0,105.0,92.0,459.0,16.0,,,,,,,,,,,,,,,,,,,,,,,,,
2025-07-04,,,,,,,1.0,44.0,9.5,395.0,129.0,156.0,98.0,49.0,85.0,33.12,95.31,11.2,2272.0,88.0,89.0,549.0,640.0,378.0,87.0,84.0,91.0,378.0,0.0,,,,,,,,,,,,,,,,,,,,,,,,,
2025-07-05,2.0,6606.0,2166.4,83.5,133.0,342.0,2.0,35.0,12.4,310.0,122.5,145.0,23.0,60.0,39.0,34.01,95.26,14.0,2593.0,81.0,83.0,562.0,630.0,325.0,150.0,87.0,68.0,460.0,0.0,,,,,,,,,,,,,,,,,,,,,,,,,
2025-07-06,1.0,5273.0,1800.0,70.0,156.0,270.0,2.0,40.0,17.7,501.0,143.5,171.0,94.0,54.0,87.0,32.44,96.12,15.0,2760.0,88.0,91.0,540.0,650.0,230.0,151.0,159.0,110.0,463.0,0.0,,,,,,,,,,,,,,,,,,,,,,,,,
2025-07-07,1.0,7751.0,2400.0,94.0,162.0,415.0,1.0,52.0,13.6,631.0,143.0,173.0,77.0,57.0,82.0,33.41,96.21,12.6,2260.0,78.0,87.0,505.0,554.0,243.0,121.0,141.0,49.0,477.0,0.0,,,,,,,,,,,,,,,,,,,,,,,,,
2025-07-08,1.0,3081.0,840.0,138.0,163.0,178.0,2.0,33.0,14.899999999999999,353.0,134.0,174.0,1.0,60.0,57.0,30.54,,5.2,1909.0,11.0,49.0,383.0,438.0,221.0,115.0,47.0,55.0,483.0,0.0,,,,,,,,,,,,,,,,,,,,,,,,,
2025-07-09,,,,,,,,,,,,,60.0,51.0,68.0,33.06,95.11,13.1,2413.0,85.0,92.0,589.0,689.0,363.0,148.0,78.0,100.0,484.5,25.0,,,,,,,,,,,,,,,,,,,,,,,,,
2025-07-10,2.0,5408.0,1589.6,114.0,157.5,296.0,2.0,38.0,16.7,433.0,137.5,165.0,80.0,54.0,84.0,33.36,97.07,6.4,1927.0,88.0,92.0,503.0,558.0,270.0,136.0,97.0,55.0,400.0,0.0,,,,,,,,,,,,,,,,,,,,,,,,,
2025-07-11,,,,,,,,,,,,,85.0,54.0,90.0,,95.42,9.8,2180.0,88.0,94.0,451.0,487.0,291.0,128.0,32.0,36.0,472.0,0.0,,,,,,,,,,,,,,,,,,,,,,,,,
2025-07-12,1.0,2525.0,720.0,121.0,151.0,142.0,2.0,39.0,11.4,227.0,113.5,161.0,34.0,62.0,50.0,33.94,95.74,14.1,2593.0,86.0,87.0,559.0,618.0,324.0,155.0,80.0,59.0,465.0,13.0,,,,,,,,,,,,,,,,,,,,,,,,,
2025-07-13,1.0,5447.0,1800.0,78.0,157.0,291.0,2.0,47.0,17.1,511.0,128.5,168.0,70.0,55.0,78.0,33.93,95.03,13.3,2407.0,84.0,89.0,579.0,661.0,325.0,178.0,76.0,82.0,458.0,0.0,,,,,,,,,,,,,,,,,,,,,,,,,
2025-07-14,2.0,4175.0,1118.4,152.0,,244.0,2.0,34.0,17.6,443.0,145.5,174.0,53.0,60.0,66.0,33.54,94.83,4.9,1822.0,95.0,95.0,445.0,497.0,228.0,115.0,102.0,52.0,478.0,0.0,,,,,,,,,,,,,,,,,,,,,,,,,
2025-07-15,,,,,,,,,,,,,95.0,53.0,94.0,33.29,95.94,13.6,2546.0,87.0,87.0,534.0,564.0,234.0,192.0,108.0,30.0,490.0,16.0,,,,,,,,,,,,,,,,,,,,,,,,,
2025-07-16,1.0,7077.0,2160.0,98.0,159.0,382.0,1.0,45.0,12.2,497.0,138.0,170.0,40.0,62.0,55.0,34.18,94.72,11.1,2326.0,85.0,92.0,590.0,675.0,364.0,105.0,121.0,85.0,450.0,0.0,,,,,,,,,,,,,,,,,,,,,,,,,
2025-07-17,1.0,4070.0,1200.0,109.0,156.0,225.0,1.0,30.0,9.3,307.0,135.0,167.0,67.0,53.0,74.0,32.9,96.11,12.1,2303.0,91.0,92.0,503.0,545.0,339.0,110.0,54.0,42.0,475.0,0.0,,,,,,,,,,,,,,,,,,,,,,,,,
2025-07-18,2.0,6168.0,1817.7,110.0,152.0,340.0,2.0,45.0,15.899999999999999,455.0,134.0,165.0,83.0,53.0,86.0,33.97,96.08,5.4,1852.0,93.0,94.0,457.0,493.0,227.0,178.0,52.0,36.0,463.0,0.0,,,,,,,,,,,,,,,,,,,,,,,,,
2025-07-19,,,,,,,,,,,,,57.0,53.0,67.0,33.21,96.5,13.1,2489.0,90.0,87.0,541.0,572.0,341.0,136.0,64.0,31.0,471.0,3.0,,,,,,,,,,,,,,,,,,,,,,,,,
2025-07-20,2.0,8212.0,2400.0,115.0,151.0,452.0,2.0,61.0,17.1,567.0,128.0,171.0,62.0,53.0,71.0,33.42,96.28,12.5,2331.0,100.0,92.0,514.0,589.0,295.0,120.0,99.0,75.0,450.0,0.0,,,,,,,,,,,,,,,,,,,,,,,,,
2025-07-21,2.0,5839.0,1726.1,109.5,150.0,319.0,2.0,29.0,15.1,350.0,142.0,166.0,42.0,65.0,57.0,34.67,95.79,14.6,2625.0,92.0,91.0,534.0,576.0,287.0,158.0,89.0,42.0,472.0,0.0,,,,,,,,,,,,,,,,,,,,,,,,,
2025-07-22,1.0,9470.0,2888.4,99.0,154.0,514.0,1.0,55.0,13.9,691.0,145.0,167.0,84.0,55.0,84.0,33.71,94.25,12.2,2298.0,100.0,93.0,583.0,637.0,317.0,144.0,122.0,54.0,469.0,0.0,,,,,,,,,,,,,,,,,,,,,,,,,
2025-07-23,1.0,7090.0,2160.0,99.0,157.0,383.0,1.0,40.0,11.5,447.0,138.0,165.0,96.0,53.0,98.0,33.59,94.27,12.3,2374.0,99.0,95.0,551.0,588.0,271.0,142.0,138.0,37.0,481.0,0.0,,,,,,,,,,,,,,,,,,,,,,,,,
2025-07-24,1.0,8500.0,2614.7,96.0,146.0,457.0,1.0,52.0,11.7,531.0,134.0,165.0,76.0,57.0,80.0,34.41,94.69,13.2,2428.0,98.0,95.0,525.0,550.0,325.0,134.0,66.0,25.0,467.0,0.0,,,,,,,,,,,,,,,,,,,,,,,,,
2025-07-25,2.0,8083.0,2465.8,92.5,152.5,436.0,2.0,47.0,17.7,535.0,138.5,168.0,59.0,52.0,71.0,32.92,94.55,10.8,2273.0,89.0,89.0,560.0,585.0,272.0,157.0,131.0,25.0,468.0,0.0,,,,,,,,,,,,,,,,,,,,,,,,,
2025-07-26,1.0,8559.0,2694.4,90.0,143.0,451.0,1.0,57.0,10.5,478.0,126.0,162.0,57.0,51.0,66.0,33.4,96.06,5.4,1845.0,94.0,96.0,576.0,647.0,328.0,157.0,91.0,71.0,472.0,0.0,,,,,,,,,,,,,,,,,,,,,,,,,
2025-07-27,,,,,,,,,,,,,41.0,55.0,55.0,33.25,95.29,14.5,2732.0,85.0,85.0,494.0,515.0,286.0,162.0,46.0,21.0,462.0,0.0,,,,,,,,,,,,,,,,,,,,,,,,,
2025-07-28,1.0,10000.0,3071.8,97.0,154.0,540.0,1.0,62.0,13.4,681.0,137.0,171.0,76.0,53.0,79.0,33.35,95.63,14.8,2495.0,93.0,93.0,551.0,645.0,309.0,146.0,96.0,94.0,450.0,0.0,,,,,,,,,,,,,,,,,,,,,,,,,
2025-07-29,1.0,8803.0,2699.4,97.0,167.0,478.0,1.0,51.0,14.2,652.0,145.0,173.0,79.0,56.0,85.0,,95.87,5.0,1863.0,97.0,90.0,495.0,529.0,276.0,160.0,59.0,34.0,481.0,0.0,,,,,,,,,,,,,,,,,,,,,,,,,
2025-07-30,,,,,,,,,,,,,96.0,52.0,105.0,33.39,95.72,14.0,2497.0,88.0,85.0,522.0,575.0,293.0,129.0,100.0,53.0,482.0,0.0,,,,,,,,,,,,,,,,,,,,,,,,,
2025-07-31,1.0,7141.0,2093.3,111.0,164.0,395.0,1.0,43.0,13.0,513.0,141.0,172.0,34.0,61.0,54.0,33.1,95.02,13.3,2482.0,77.0,76.0,491.0,571.0,307.0,113.0,71.0,80.0,450.0,0.0,,,,,,,,,,,,,,,,,,,,,,,,,
2025-08-01,1.0,7085.0,2133.3,103.0,154.0,389.0,1.0,44.0,12.5,515.0,141.0,164.0,92.0,57.0,96.0,33.68,96.42,13.4,2388.0,91.0,93.0,450.0,591.0,165.0,172.0,113.0,141.0,477.0,0.0,,,,,,,,,,,,,,,,,,,,,,,,,
2025-08-02,1.0,6002.0,1827.4,99.0,152.0,317.0,2.0,41.0,17.5,527.0,144.0,167.0,84.0,52.0,91.0,32.47,95.17,13.3,2527.0,92.0,88.0,566.0,625.0,302.0,141.0,123.0,59.0,487.0,13.0,,,,,,,,,,,,,,,,,,,,,,,,,
2025-08-03,1.0,9464.0,2857.1,102.0,150.0,512.0,1.0,59.0,12.8,622.0,136.0,165.0,81.0,50.0,91.0,33.23,96.06,4.1,1794.0,95.0,93.0,534.0,604.0,297.0,127.0,110.0,70.0,473.0,0.0,,,,,,,,,,,,,,,,,,,,,,,,,
2025-08-04,,,,,,,,,,,,,50.0,48.0,68.0,33.19,95.32,16.4,2973.0,87.0,89.0,526.0,565.0,261.0,137.0,128.0,39.0,473.0,0.0,,,,,,,,,,,,,,,,,,,,,,,,,
2025-08-05,3.0,15741.0,4881.7,96.0,154.0,839.0,3.0,86.0,28.3,962.0,135.0,165.0,36.0,61.0,56.0,34.69,94.48,14.0,2577.0,88.0,94.0,452.0,506.0,281.0,123.0,48.0,54.0,449.0,0.0,,,,,,,,,,,,,,,,,,,,,,,,,
2025-08-06,1.0,5885.0,1800.0,98.0,161.0,319.0,1.0,35.0,12.5,451.0,145.0,171.0,52.0,59.0,71.0,33.44,95.76,14.0,2550.0,96.0,95.0,560.0,597.0,300.0,140.0,120.0,37.0,493.0,0.0,,,,,,,,,,,,,,,,,,,,,,,,,
2025-08-07,1.0,10000.0,3053.7,98.0,151.0,540.0,1.0,59.0,13.3,651.0,137.0,169.0,30.0,62.0,48.0,33.54,95.39,13.7,2485.0,77.0,78.0,548.0,578.0,250.0,141.0,157.0,30.0,477.0,0.0,,,,,,,,,,,,,,,,,,,,,,,,,
2025-08-08,1.0,8824.0,2700.0,98.0,154.0,473.0,1.0,56.0,12.8,600.0,136.0,168.0,55.0,62.0,65.0,33.41,94.63,4.3,1768.0,93.0,90.0,418.0,531.0,221.0,107.0,90.0,113.0,477.0,0.0,,,,,,,,,,,,,,,,,,,,,,,,,
2025-08-09,,,,,,,,,,,,,98.0,53.0,104.0,,94.85,12.8,2572.0,76.0,81.0,472.0,520.0,204.0,136.0,132.0,48.0,505.0,29.0,,,,,,,,,,,,,,,,,,,,,,,,,
2025-08-10,1.0,10188.0,3153.5,94.0,144.0,547.0,2.0,78.0,16.4,645.0,109.5,162.0,66.0,50.0,74.0,33.47,94.96,10.2,2169.0,81.0,92.0,633.0,780.0,407.0,115.0,111.0,147.0,470.0,21.0,,,,,,,,,,,,,,,,,,,,,,,,,
2025-08-11,1.0,8528.0,2700.0,88.0,138.0,450.0,2.0,53.0,13.2,438.0,114.5,152.0,61.0,48.0,70.0,33.82,94.81,10.6,2224.0,86.0,91.0,413.0,448.0,247.0,119.0,47.0,35.0,470.0,0.0,,,,,,,,,,,,,,,,,,,,,,,,,
2025-08-12,1.0,6660.0,2093.4,90.0,148.0,355.0,1.0,42.0,9.6,381.0,129.0,153.0,54.0,54.0,66.0,32.98,93.76,11.9,2276.0,85.0,88.0,503.0,609.0,308.0,135.0,60.0,106.0,488.0,28.0,,,,,,,,,,,,,,,,,,,,,,,,,
2025-08-13,1.0,5708.0,1740.9,99.0,159.0,308.0,1.0,36.0,11.1,398.0,138.0,169.0,50.0,59.0,65.0,34.34,94.5,12.3,2338.0,93.0,94.0,563.0,637.0,333.0,123.0,107.0,74.0,461.0,0.0,,,,,,,,,,,,,,,,,,,,,,,,,
2025-08-14,1.0,6653.0,1977.0,107.0,134.0,356.0,1.0,43.0,11.4,466.0,136.0,164.0,81.0,55.0,87.0,33.8,95.34,10.2,2303.0,100.0,89.0,558.0,594.0,295.0,181.0,82.0,36.0,466.0,0.0,,,,,,,,,,,,,,,,,,,,,,,,,
2025-08-15,1.0,8905.0,2880.0,83.0,134.0,465.0,1.0,57.0,9.8,443.0,123.0,170.0,91.0,53.0,94.0,34.34,94.14,14.3,2630.0,95.0,92.0,562.0,628.0,349.0,115.0,98.0,66.0,468.0,0.0,,,,,,,,,,,,,,,,,,,,,,,,,
2025-08-16,1.0,13150.0,4056.7,95.0,146.0,702.0,1.0,85.0,14.0,866.0,133.0,162.0,67.0,56.0,76.0,33.62,95.55,4.1,1799.0,94.0,96.0,502.0,541.0,280.0,126.0,96.0,39.0,460.0,0.0,,,,,,,,,,,,,,,,,,,,,,,,,
2025-08-17,,,,,,,,,,,,,77.0,55.0,83.0,33.68,95.0,15.4,2801.0,89.0,89.0,603.0,628.0,313.0,171.0,119.0,25.0,479.0,0.0,,,,,,,,,,,,,,,,,,,,,,,,,
2025-08-18,1.0,12000.0,3858.3,84.0,,629.0,1.0,75.0,14.4,844.0,139.0,176.0,90.0,52.0,93.0,33.01,95.47,13.2,2473.0,96.0,92.0,500.0,568.0,285.0,126.0,89.0,68.0,449.0,0.0,,,,,,,,,,,,,,,,,,,,,,,,,
2025-08-19,1.0,10007.0,3199.3,86.0,148.0,536.0,1.0,64.0,12.8,619.0,131.0,163.0,95.0,52.0,104.0,34.24,94.78,12.5,2327.0,95.0,89.0,529.0,569.0,283.0,135.0,111.0,40.0,486.0,0.0,,,,,,,,,,,,,,,,,,,,,,,,,
2025-08-20,2.0,7197.0,2168.5,101.5,152.0,390.0,3.0,42.0,17.599999999999998,463.0,123.0,165.0,96.0,51.0,109.0,34.23,94.16,12.5,2390.0,100.0,89.0,464.0,516.0,219.0,146.0,99.0,52.0,472.0,0.0,,,,,,,,,,,,,,,,,,,,,,,,,
2025-08-21,1.0,10567.0,3458.7,80.0,145.0,558.0,1.0,68.0,12.2,627.0,129.0,165.0,84.0,53.0,99.0,34.44,94.55,13.8,2641.0,97.0,91.0,503.0,561.0,303.0,135.0,65.0,58.0,474.0,5.0,,,,,,,,,,,,,,,,,,,,,,,,,
2025-08-22,1.0,12183.0,3781.1,94.0,148.0,648.0,1.0,84.0,13.4,775.0,129.0,161.0,73.0,53.0,94.0,34.57,94.89,4.3,1819.0,79.0,86.0,559.0,609.0,321.0,154.0,84.0,50.0,469.0,0.0,,,,,,,,,,,,,,,,,,,,,,,,,
2025-08-23,,,,,,,,,,,,,67.0,47.0,89.0,34.04,95.48,16.1,2929.0,88.0,92.0,613.0,713.0,355.0,129.0,129.0,100.0,476.0,0.0,,,,,,,,,,,,,,,,,,,,,,,,,
2025-08-24,2.0,18368.0,5635.1,97.0,148.5,981.0,2.0,125.0,24.4,1205.0,130.5,168.0,41.0,55.0,67.0,34.14,95.09,8.8,2115.0,88.0,94.0,487.0,528.0,296.0,144.0,47.0,41.0,449.0,0.0,,,,,,,,,,,,,,,,,,,,,,,,,
2025-08-25,1.0,3539.0,1080.0,99.0,148.0,190.0,1.0,22.0,7.9,218.0,131.0,166.0,44.0,60.0,72.0,34.91,95.08,14.3,2645.0,95.0,95.0,552.0,584.0,336.0,114.0,102.0,32.0,491.0,0.0,,,,,,,,,,,,,,,,,,,,,,,,,
2025-08-26,1.0,9960.0,3084.8,94.0,150.0,530.0,1.0,65.0,13.5,702.0,136.0,172.0,52.0,57.0,75.0,34.49,94.9,12.9,2405.0,100.0,91.0,526.0,553.0,256.0,153.0,117.0,27.0,456.0,0.0,,,,,,,,,,,,,,,,,,,,,,,,,
2025-08-27,1.0,9623.0,3000.0,92.0,147.0,510.0,1.0,67.0,12.5,627.0,130.0,156.0,73.0,53.0,87.0,33.24,93.95,4.3,1838.0,100.0,90.0,502.0,550.0,297.0,108.0,97.0,48.0,479.0,0.0,,,,,,,,,,,,,,,,,,,,,,,,,
2025-08-28,,,,,,,,,,,,,63.0,53.0,81.0,34.59,94.87,14.2,2432.0,99.0,95.0,511.0,569.0,294.0,133.0,84.0,58.0,471.0,0.0,,,,,,,,,,,,,,,,,,,,,,,,,
2025-08-29,1.0,8490.0,2686.8,88.0,158.0,459.0,2.0,50.0,19.2,596.0,137.0,175.0,77.0,55.0,87.0,33.83,93.15,4.7,1931.0,82.0,85.0,505.0,526.0,300.0,114.0,91.0,21.0,449.0,0.0,,,,,,,,,,,,,,,,,,,,,,,,,
2025-08-30,,,,,,,,,,,,,57.0,54.0,76.0,33.2,94.71,13.2,2456.0,84.0,90.0,582.0,684.0,382.0,85.0,115.0,102.0,478.0,0.0,,,,,,,,,,,,,,,,,,,,,,,,,
2025-08-31,1.0,6839.0,2100.0,97.0,150.0,369.0,3.0,54.0,22.599999999999998,560.0,138.66666666666666,167.0,91.0,54.0,96.0,31.45,94.63,4.7,1894.0,90.0,91.0,695.0,764.0,408.0,172.0,115.0,69.0,450.0,0.0,,,,,,,,,,,,,,,,,,,,,,,,,
2025-09-01,,,,,,,,,,,,,39.0,54.0,66.0,32.29,93.47,7.5,2004.0,79.0,76.0,638.0,699.0,364.0,148.0,126.0,61.0,472.0,0.0,,,,,,,,,,,,,,,,,,,,,,,,,
2025-09-02,,,,,,,,,,,,,98.0,51.0,108.0,34.42,93.98,13.8,2635.0,81.0,87.0,513.0,671.0,287.0,116.0,110.0,158.0,450.0,0.0,,,,,,,,,,,,,,,,,,,,,,,,,
2025-09-03,1.0,7553.0,2194.4,114.0,156.0,417.0,1.0,51.0,12.7,523.0,134.0,176.0,90.0,55.0,112.0,32.65,95.9,11.4,2191.0,79.0,90.0,469.0,537.0,322.0,117.0,30.0,68.0,453.0,0.0,,,,,,,,,,,,,,,,,,,,,,,,,
2025-09-04,1.0,7024.0,2100.0,105.0,,381.0,1.0,47.0,10.6,441.0,130.0,162.0,61.0,54.0,83.0,32.94,94.8,4.1,1721.0,86.0,91.0,376.0,415.0,195.0,118.0,63.0,39.0,476.0,0.0,,,,,,,,,,,,,,,,,,,,,,,,,
2025-09-05,,,,,,,,,,,,,42.0,58.0,69.0,33.54,94.88,13.7,2485.0,85.0,92.0,463.0,504.0,244.0,146.0,73.0,41.0,513.0,49.0,,,,,,,,,,,,,,,,,,,,,,,,,
2025-09-06,1.0,7569.0,2400.0,88.0,152.0,399.0,2.0,46.0,18.8,524.0,140.0,180.0,46.0,53.0,68.0,33.88,95.71,11.9,2314.0,93.0,89.0,591.0,636.0,279.0,132.0,180.0,45.0,474.0,25.0,,,,,,,,,,,,,,,,,,,,,,,,,
2025-09-07,1.0,6829.0,2052.1,103.0,151.0,368.0,1.0,46.0,11.3,479.0,135.0,164.0,41.0,55.0,64.0,33.72,95.09,14.4,2589.0,99.0,92.0,487.0,547.0,251.0,118.0,118.0,60.0,475.0,0.0,,,,,,,,,,,,,,,,,,,,,,,,,
2025-09-08,1.0,9000.0,2739.9,99.0,161.0,487.0,1.0,56.0,13.7,645.0,139.0,170.0,62.0,53.0,75.0,34.38,93.52,15.2,2604.0,98.0,93.0,513.0,556.0,329.0,111.0,73.0,43.0,466.0,0.0,,,,,,,,,,,,,,,,,,,,,,,,,
2025-09-09,1.0,8496.0,2553.6,103.0,160.0,459.0,1.0,58.0,14.6,722.0,145.0,174.0,61.0,55.0,77.0,33.89,93.53,12.1,2311.0,84.0,95.0,477.0,510.0,270.0,127.0,80.0,33.0,480.0,0.0,,,,,,,,,,,,,,,,,,,,,,,,,
2025-09-10,1.0,6513.0,2008.7,95.0,152.0,348.0,1.0,41.0,11.2,425.0,134.0,163.0,97.0,50.0,107.0,32.98,94.82,4.8,1842.0,96.0,93.0,406.0,425.0,262.0,112.0,32.0,19.0,486.0,1.0,,,,,,,,,,,,,,,,,,,,,,,,,
2025-09-11,,,,,,,,,,,,,52.0,56.0,72.0,,94.83,13.6,2539.0,98.0,96.0,494.0,528.0,269.0,143.0,82.0,34.0,507.0,40.0,,,,,,,,,,,,,,,,,,,,,,,,,
2025-09-12,1.0,10016.0,3480.3,67.0,150.0,531.0,1.0,62.0,12.8,643.0,135.0,159.0,22.0,61.0,47.0,32.97,94.18,15.4,2681.0,94.0,94.0,518.0,536.0,334.0,121.0,63.0,18.0,458.0,8.0,,,,,,,,,,,,,,,,,,,,,,,,,
2025-09-13,3.0,10746.0,3241.8,103.0,152.66666666666666,579.0,3.0,59.0,25.6,716.0,138.0,175.0,56.0,58.0,75.0,32.63,92.81,7.9,1936.0,94.0,90.0,466.0,491.0,275.0,130.0,61.0,25.0,475.0,0.0,,,,,,,,,,,,,,,,,,,,,,,,,
2025-09-14,,,,,,,,,,,,,57.0,58.0,76.0,33.61,94.0,14.9,2817.0,94.0,94.0,480.0,529.0,292.0,146.0,42.0,49.0,492.0,5.0,,,,,,,,,,,,,,,,,,,,,,,,,
2025-09-15,1.0,12698.0,3877.5,98.0,152.0,683.0,1.0,82.0,14.4,889.0,137.0,162.0,56.0,58.0,74.0,34.51,92.72,10.8,2234.0,91.0,90.0,574.0,605.0,241.0,141.0,192.0,31.0,461.0,7.0,,,,,,,,,,,,,,,,,,,,,,,,,
2025-09-16,1.0,6017.0,1871.5,93.0,145.0,320.0,2.0,35.0,9.8,352.0,106.5,160.0,73.0,54.0,84.0,33.7,94.85,13.9,2529.0,98.0,94.0,447.0,494.0,236.0,146.0,65.0,47.0,483.0,0.0,,,,,,,,,,,,,,,,,,,,,,,,,
2025-09-17,5.0,10290.0,3137.6000000000004,99.0,149.8,548.0,5.0,57.0,30.700000000000003,597.0,131.6,170.0,69.0,56.0,81.0,34.23,94.95,13.1,2464.0,100.0,98.0,489.0,519.0,317.0,121.0,51.0,30.0,479.0,18.0,,,,,,,,,,,,,,,,,,,,,,,,,
2025-09-18,2.0,10490.0,3192.0,98.0,145.5,558.0,2.0,70.0,18.0,645.0,130.5,158.0,56.0,57.0,75.0,33.8,94.95,4.8,1798.0,100.0,93.0,490.0,499.0,315.0,116.0,59.0,9.0,476.0,0.0,,,,,,,,,,,,,,,,,,,,,,,,,
2025-09-19,,,,,,,,,,,,,42.0,60.0,67.0,33.9,94.27,10.1,2196.0,85.0,96.0,485.0,522.0,293.0,122.0,70.0,37.0,472.0,0.0,,,,,,,,,,,,,,,,,,,,,,,,,
2025-09-20,1.0,7000.0,2427.0,67.0,141.0,371.0,1.0,44.0,9.6,387.0,128.0,152.0,54.0,59.0,74.0,33.5,94.53,5.1,1940.0,89.0,91.0,660.0,685.0,342.0,146.0,172.0,25.0,450.0,0.0,,,,,,,,,,,,,,,,,,,,,,,,,
2025-09-21,,,,,,,,,,,,,24.0,60.0,49.0,34.47,94.5,13.1,2578.0,82.0,92.0,615.0,670.0,292.0,166.0,157.0,55.0,459.0,0.0,,,,,,,,,,,,,,,,,,,,,,,,,
2025-09-22,2.0,7038.0,2073.1,109.5,149.5,381.0,2.0,44.0,15.4,412.0,134.5,167.0,35.0,56.0,58.0,33.96,96.67,6.9,1905.0,81.0,91.0,413.0,448.0,161.0,112.0,140.0,35.0,450.0,0.0,,,,,,,,,,,,,,,,,,,,,,,,,
2025-09-23,,,,,,,1.0,26.0,5.8,159.0,117.0,141.0,73.0,54.0,82.0,32.85,96.44,4.5,1942.0,87.0,91.0,418.0,457.0,210.0,143.0,65.0,39.0,490.0,18.0,,,,,,,,,,,,,,,,,,,,,,,,,
2025-09-24,,,,,,,,,,,,,67.0,59.0,79.0,33.32,94.8,11.6,2287.0,86.0,90.0,460.0,504.0,249.0,111.0,100.0,44.0,488.0,36.0,,,,,,,,,,,,,,,,,,,,,,,,,
2025-09-25,2.0,7116.0,2232.2,93.0,147.0,379.0,2.0,42.0,14.8,406.0,132.5,158.0,90.0,50.0,97.0,33.72,94.04,13.1,2347.0,88.0,89.0,483.0,535.0,267.0,147.0,69.0,52.0,464.0,14.0,,,,,,,,,,,,,,,,,,,,,,,,,
2025-09-26,2.0,8209.0,2388.5,113.5,149.0,448.0,2.0,53.0,17.4,524.0,133.0,166.0,76.0,52.0,86.0,33.85,94.86,10.8,2195.0,93.0,91.0,523.0,587.0,371.0,112.0,40.0,64.0,465.0,0.0,,,,,,,,,,,,,,,,,,,,,,,,,
2025-09-27,2.0,4249.0,1238.0,120.0,147.5,236.0,2.0,22.0,13.1,257.0,133.5,165.0,8.0,56.0,62.0,33.88,97.63,12.5,2331.0,26.0,91.0,568.0,621.0,325.0,143.0,100.0,53.0,472.0,0.0,,,,,,,,,,,,,,,,,,,,,,,,,
2025-09-28,2.0,6594.0,1897.9,118.0,150.5,362.0,2.0,42.0,16.2,438.0,136.0,168.0,30.0,56.0,50.0,33.57,94.59,14.5,2576.0,80.0,87.0,704.0,788.0,425.0,161.0,118.0,84.0,455.0,0.0,,,,,,,,,,,,,,,,,,,,,,,,,
2025-09-29,2.0,6515.0,1875.5,117.5,153.0,364.0,2.0,35.0,18.299999999999997,462.0,146.5,174.0,45.0,58.0,65.0,33.42,94.91,5.7,1926.0,88.0,94.0,477.0,548.0,299.0,108.0,70.0,71.0,366.0,0.0,,,,,,,,,,,,,,,,,,,,,,,,,
2025-09-30,,,,,,,1.0,14.0,4.1,28.0,90.0,126.0,44.0,59.0,65.0,34.06,95.1,12.9,2431.0,91.0,95.0,508.0,538.0,277.0,169.0,62.0,30.0,480.0,0.0,,,,,,,,,,,,,,,,,,,,,,,,,
2025-10-01,2.0,9513.0,2979.1000000000004,92.0,145.5,502.0,2.0,54.0,16.9,527.0,130.5,160.0,63.0,61.0,72.0,33.47,95.15,12.9,2447.0,90.0,90.0,495.0,516.0,285.0,119.0,91.0,21.0,451.0,0.0,,,,,,,,,,,,,,,,,,,,,,,,,
2025-10-02,3.0,9017.0,2834.7,92.0,147.66666666666666,471.0,3.0,52.0,19.700000000000003,477.0,128.33333333333334,157.0,49.0,61.0,59.0,33.48,96.05,4.5,1891.0,100.0,96.0,494.0,544.0,222.0,127.0,145.0,50.0,471.0,0.0,,,,,,,,,,,,,,,,,,,,,,,,,
2025-10-03,,,,,,,,,,,,,64.0,56.0,71.0,33.96,93.64,14.2,2344.0,81.0,91.0,513.0,534.0,212.0,136.0,165.0,21.0,471.0,0.0,,,,,,,,,,,,,,,,,,,,,,,,,
2025-10-04,2.0,8015.0,2442.5,99.5,154.0,430.0,2.0,45.0,19.1,537.0,141.0,174.0,36.0,62.0,52.0,32.86,94.36,14.9,2594.0,82.0,87.0,349.0,382.0,157.0,111.0,81.0,33.0,449.0,0.0,,,,,,,,,,,,,,,,,,,,,,,,,
2025-10-05,1.0,10072.0,3061.1,100.0,156.0,543.0,1.0,51.0,14.0,644.0,147.0,171.0,,,,,,,,,,604.0,687.0,299.0,163.0,142.0,83.0,528.0,50.0,,,,,,,,,,,,,,,,,,,,,,,,,
2025-10-06,2.0,9014.0,2758.3,100.5,158.0,482.0,,,,,,,,,,,,,,,,,,,,,,,,,,,,,,,,,,,,,,,,,,,,,,,,
2025-10-07,2.0,9033.0,2734.5,101.5,140.5,487.0,,,,,,,,,,,,,,,,,,,,,,,,,,,,,,,,,,,,,,,,,,,,,,,,
2025-10-08,2.0,8014.0,2354.6000000000004,111.0,155.0,440.0,,,,,,,,,,,,,,,,,,,,,,,,,,,,,,,,,,,,,,,,,,,,,,,,
2025-10-09,2.0,8818.0,2705.0,99.0,75.5,471.0,,,,,,,,,,,,,,,,,,,,,,,,,,,,,,,,,,,,,,,,,,,,,,,,
2025-10-11,2.0,8445.0,2403.3,123.5,152.0,476.0,,,,,,,,,,,,,,,,,,,,,,,,,,,,,,,,,,,,,,,,,,,,,,,,
2025-10-12,1.0,6014.0,1853.6,96.0,152.0,321.0,1.0,30.0,10.1,335.0,139.0,162.0,82.0,54.0,74.0,33.16,94.31,13.7,1768.0,100.0,90.0,,,,,,,,,,,,,,,,,,,,,,,,,,,,,,,,,
2025-10-13,1.0,13514.0,4206.1,93.0,155.0,717.0,1.0,70.0,15.4,889.0,147.0,167.0,69.0,56.0,66.0,32.82,96.69,15.2,2626.0,96.0,93.0,520.0,572.0,325.0,122.0,73.0,52.0,463.0,0.0,,,,,,,,,,,,,,,,,,,,,,,,,
2025-10-14,2.0,11014.0,3417.5,97.0,152.0,585.0,2.0,59.0,20.299999999999997,737.0,139.0,169.0,60.0,63.0,59.0,33.82,94.39,15.3,2686.0,98.0,93.0,479.0,516.0,248.0,135.0,96.0,37.0,493.0,0.0,,,,,,,,,,,,,,,,,,,,,,,,,
2025-10-15,2.0,11017.0,3404.3,98.0,153.5,587.0,2.0,60.0,20.5,733.0,139.5,165.0,52.0,61.0,54.0,34.7,95.32,12.7,2258.0,100.0,94.0,508.0,540.0,245.0,163.0,100.0,32.0,494.0,8.0,,,,,,,,,,,,,,,,,,,,,,,,,
2025-10-16,1.0,6089.0,1847.2,100.0,148.0,328.0,1.0,34.0,11.8,423.0,144.0,177.0,57.0,62.0,58.0,34.57,94.0,5.1,1930.0,82.0,82.0,506.0,540.0,184.0,173.0,149.0,34.0,485.0,0.0,,,,,,,,,,,,,,,,,,,,,,,,,
2025-10-17,,,,,,,,,,,,,98.0,54.0,85.0,34.6,95.73,11.2,2352.0,91.0,93.0,520.0,630.0,286.0,140.0,94.0,110.0,470.0,0.0,,,,,,,,,,,,,,,,,,,,,,,,,
2025-10-18,1.0,11013.0,3665.9,76.0,135.0,566.0,1.0,61.0,9.7,459.0,124.0,154.0,72.0,51.0,68.0,33.9,95.35,12.2,2427.0,98.0,92.0,613.0,657.0,340.0,149.0,124.0,44.0,450.0,0.0,,,,,,,,,,,,,,,,,,,,,,,,,
2025-10-19,1.0,12011.0,3862.9,84.0,140.0,626.0,1.0,64.0,11.6,598.0,132.0,158.0,96.0,50.0,84.0,33.74,95.87,13.1,2438.0,95.0,96.0,537.0,585.0,317.0,138.0,82.0,48.0,463.0,0.0,,,,,,,,,,,,,,,,,,,,,,,,,
2025-10-20,3.0,9537.0,2880.0,110.0,153.66666666666666,516.0,3.0,53.0,21.1,528.0,130.66666666666666,160.0,49.0,57.0,59.0,34.3,95.67,4.3,1802.0,87.0,90.0,500.0,521.0,306.0,134.0,60.0,21.0,467.0,0.0,,,,,,,,,,,,,,,,,,,,,,,,,
2025-10-21,,,,,,,,,,,,,55.0,58.0,58.0,34.62,96.12,13.4,2553.0,91.0,96.0,446.0,496.0,278.0,119.0,49.0,50.0,472.0,0.0,,,,,,,,,,,,,,,,,,,,,,,,,
2025-10-22,2.0,10016.0,3107.8999999999996,101.5,149.0,534.0,2.0,57.0,17.200000000000003,558.0,131.0,163.0,94.0,57.0,84.0,34.71,96.45,13.6,2391.0,93.0,95.0,475.0,493.0,202.0,145.0,128.0,18.0,462.0,12.0,,,,,,,,,,,,,,,,,,,,,,,,,
2025-10-23,2.0,9015.0,2727.0,108.0,155.0,487.0,2.0,49.0,18.9,585.0,138.5,165.0,37.0,64.0,49.0,34.61,94.64,13.9,2484.0,99.0,96.0,479.0,503.0,249.0,132.0,98.0,24.0,474.0,0.0,,,,,,,,,,,,,,,,,,,,,,,,,
2025-10-24,2.0,9019.0,2719.7,110.5,157.0,489.0,2.0,50.0,18.6,568.0,136.5,167.0,73.0,59.0,71.0,,95.83,12.4,2259.0,89.0,90.0,508.0,527.0,271.0,161.0,76.0,19.0,475.0,0.0,,,,,,,,,,,,,,,,,,,,,,,,,
2025-10-25,1.0,6014.0,1838.8,98.0,144.0,322.0,2.0,36.0,12.0,425.0,103.5,171.0,39.0,57.0,50.0,33.75,95.42,16.3,2885.0,97.0,93.0,549.0,610.0,273.0,156.0,120.0,61.0,477.0,0.0,,,,,,,,,,,,,,,,,,,,,,,,,
2025-10-26,1.0,14153.0,4514.4,86.0,154.0,744.0,1.0,75.0,15.7,957.0,147.0,171.0,83.0,55.0,74.0,34.37,97.22,10.1,2172.0,92.0,91.0,521.0,559.0,285.0,143.0,93.0,38.0,468.0,0.0,,,,,,,,,,,,,,,,,,,,,,,,,
2025-10-27,2.0,7000.0,2039.1,113.5,142.5,384.0,2.0,49.0,12.3,327.0,114.5,151.0,98.0,51.0,91.0,34.81,96.37,15.8,2743.0,94.0,91.0,453.0,497.0,244.0,129.0,80.0,44.0,492.0,0.0,,,,,,,,,,,,,,,,,,,,,,,,,
2025-10-28,1.0,11620.0,3606.8,94.0,156.0,618.0,1.0,60.0,15.1,802.0,150.0,172.0,86.0,55.0,82.0,34.07,95.56,13.4,2479.0,95.0,92.0,466.0,511.0,237.0,155.0,74.0,45.0,479.0,19.0,,,,,,,,,,,,,,,,,,,,,,,,,
2025-10-29,2.0,10535.0,3271.8,101.5,148.5,562.0,2.0,59.0,18.0,618.0,132.5,155.0,63.0,57.0,69.0,33.57,95.0,4.2,1707.0,94.0,92.0,467.0,503.0,259.0,150.0,58.0,36.0,497.0,7.0,,,,,,,,,,,,,,,,,,,,,,,,,
2025-10-30,,,,,,,,,,,,,95.0,53.0,97.0,33.86,97.34,14.7,2753.0,89.0,95.0,455.0,490.0,221.0,132.0,102.0,35.0,493.0,19.0,,,,,,,,,,,,,,,,,,,,,,,,,
2025-10-31,1.0,10010.0,3150.8,90.0,154.0,529.0,2.0,53.0,13.2,602.0,105.5,165.0,36.0,59.0,53.0,34.19,94.65,12.7,2195.0,92.0,90.0,550.0,576.0,255.0,155.0,140.0,26.0,474.0,24.0,,,,,,,,,,,,,,,,,,,,,,,,,
2025-11-01,3.0,6880.0,1920.5,134.66666666666666,155.0,391.0,3.0,40.0,20.5,421.0,137.66666666666666,170.0,73.0,56.0,78.0,33.73,95.17,16.0,2925.0,81.0,90.0,472.0,522.0,203.0,164.0,105.0,50.0,481.0,0.0,,,,,,,,,,,,,,,,,,,,,,,,,
2025-11-02,1.0,13015.0,3920.7,102.0,154.0,704.0,1.0,65.0,15.0,815.0,146.0,169.0,41.0,60.0,56.0,33.43,95.13,14.1,2511.0,89.0,93.0,668.0,740.0,493.0,116.0,59.0,72.0,474.0,4.0,,,,,,,,,,,,,,,,,,,,,,,,,
2025-11-03,2.0,7516.0,2141.6,120.5,154.0,419.0,2.0,42.0,19.7,530.0,145.0,175.0,80.0,56.0,86.0,34.16,97.07,6.6,2133.0,74.0,96.0,491.0,526.0,248.0,145.0,98.0,35.0,491.0,0.0,,,,,,,,,,,,,,,,,,,,,,,,,
2025-11-04,,,,,,,,,,,,,57.0,56.0,70.0,33.25,96.35,12.9,2139.0,77.0,95.0,317.0,329.0,175.0,116.0,26.0,12.0,478.0,0.0,,,,,,,,,,,,,,,,,,,,,,,,,
2025-11-05,1.0,6517.0,1891.4,115.0,154.0,362.0,1.0,36.0,12.2,439.0,143.0,173.0,19.0,65.0,41.0,34.7,96.02,14.8,2703.0,84.0,92.0,404.0,423.0,187.0,120.0,97.0,19.0,532.0,80.0,,,,,,,,,,,,,,,,,,,,,,,,,
2025-11-06,1.0,12016.0,3666.0,99.0,153.0,645.0,1.0,61.0,13.8,708.0,142.0,163.0,65.0,59.0,69.0,34.08,96.06,13.7,2359.0,93.0,97.0,509.0,550.0,268.0,121.0,120.0,41.0,535.0,64.0,,,,,,,,,,,,,,,,,,,,,,,,,
2025-11-07,2.0,7813.0,2159.7,133.5,152.5,446.0,2.0,43.0,19.0,525.0,142.5,171.0,46.0,60.0,57.0,34.88,94.27,4.6,1825.0,89.0,91.0,511.0,526.0,141.0,151.0,219.0,15.0,495.0,13.0,,,,,,,,,,,,,,,,,,,,,,,,,
2025-11-08,,,,,,,,,,,,,95.0,55.0,91.0,34.2,95.59,17.6,3344.0,89.0,92.0,486.0,529.0,238.0,159.0,89.0,43.0,475.0,0.0,,,,,,,,,,,,,,,,,,,,,,,,,
2025-11-09,2.0,23174.0,6912.7,105.5,154.5,1261.0,2.0,115.0,26.6,1273.0,139.0,172.0,67.0,54.0,71.0,33.82,95.81,4.2,1841.0,93.0,96.0,504.0,545.0,275.0,174.0,55.0,41.0,450.0,0.0,,,,,,,,,,,,,,,,,,,,,,,,,
2025-11-10,,,,,,,,,,,,,,,,,,13.1,1080.0,,,469.0,484.0,249.0,156.0,64.0,15.0,502.0,0.0,,,,,,,,,,,,,,,,,,,,,,,,,
2025-11-11,2.0,8116.0,2289.8,126.5,144.5,456.0,2.0,47.0,17.9,517.0,138.5,168.0,80.0,56.0,77.0,33.96,97.0,12.3,2368.0,92.0,96.0,,,,,,,,,,,,,,,,,,,,,,,,,,,,,,,,,
2025-11-12,1.0,10557.0,3239.5,97.0,146.0,566.0,1.0,53.0,11.1,504.0,131.0,159.0,61.0,57.0,63.0,33.77,95.93,13.4,2510.0,94.0,95.0,531.0,554.0,338.0,122.0,71.0,23.0,493.0,20.0,,,,,,,,,,,,,,,,,,,,,,,,,
2025-11-13,2.0,7993.0,2259.4,132.5,156.0,451.0,2.0,51.0,17.6,524.0,134.0,168.0,61.0,55.0,63.0,33.69,96.94,7.8,2024.0,97.0,92.0,562.0,593.0,249.0,172.0,141.0,31.0,468.0,0.0,,,,,,,,,,,,,,,,,,,,,,,,,
2025-11-14,1.0,5016.0,1557.7,93.0,139.0,266.0,1.0,25.0,7.1,209.0,126.0,148.0,54.0,53.0,58.0,34.03,96.0,17.2,2934.0,99.0,96.0,477.0,516.0,227.0,170.0,80.0,39.0,473.0,0.0,,,,,,,,,,,,,,,,,,,,,,,,,
2025-11-15,1.0,12423.0,3606.3,114.0,168.0,688.0,1.0,60.0,16.1,835.0,152.0,175.0,78.0,53.0,75.0,33.73,95.31,13.0,2312.0,84.0,89.0,628.0,650.0,401.0,140.0,87.0,22.0,451.5,0.0,,,,,,,,,,,,,,,,,,,,,,,,,
2025-11-16,1.0,7014.0,2031.2,115.0,145.0,391.0,1.0,40.0,12.0,454.0,140.0,169.0,66.0,55.0,67.0,33.42,94.75,4.3,1706.0,85.0,94.0,524.0,584.0,290.0,163.0,71.0,60.0,420.0,0.0,,,,,122.9328645775042,60.90975,14.768410714285713,52.5,,2.096,8.643,1.476,5.255,0.8490000000000001,8.135,13.0,,0.0925,0.304325,97.0,2.411139534883721,,,23.667860465116277,
2025-11-17,,,,,,,,,,,,,87.0,55.0,83.0,33.82,95.26,,,80.0,87.0,462.0,488.0,260.0,123.0,79.0,26.0,472.0,0.0,,,,,60.05450328947368,57.5425,15.376645161290321,52.0,,2.735,9.493,1.738,4.99,0.665,9.376,1.0,,0.0,0.29266666666666663,90.0,2.8878,,,30.0,
2025-11-18,,,,,,,,,,,,,,,,,,,,,,492.0,562.0,261.0,154.0,77.0,70.0,454.0,4.0,,,,,61.382481651376146,100.65116666666665,15.636725000000002,55.0,,0.756,3.7780000000000005,0.708,2.637,0.274,0.0,15.0,,0.0,0.28800000000000003,104.0,2.963875,,,28.001875,
