Cycle start time,Cycle end time,Cycle timezone,Sleep onset,Wake onset,Sleep performance %,Respiratory rate (rpm),Asleep duration (min),In bed duration (min),Light sleep duration (min),Deep (SWS) duration (min),REM duration (min),Awake duration (min),Sleep need (min),Sleep debt (min),Sleep efficiency %,Sleep consistency %,Nap
2025-11-17 19:46:48,,UTC-08:00,2025-11-17 19:46:48,2025-11-18 05:09:22,80,15.5,492,562,261,154,77,70,454,4,87,53,false
2025-11-16 21:46:47,2025-11-17 19:46:48,UTC-08:00,2025-11-16 21:46:47,2025-11-17 05:54:53,85,15.4,462,488,260,123,79,26,472,0,94,69,false
2025-11-15 22:25:13,2025-11-16 21:46:47,UTC-08:00,2025-11-15 22:25:13,2025-11-16 08:10:00,84,14.5,524,584,290,163,71,60,420,0,89,62,false
2025-11-14 21:30:09,2025-11-15 22:25:13,UTC-08:00,2025-11-15 14:04:13,2025-11-15 15:26:43,29,17.3,79,82,72,7,0,3,449,0,95,,true
2025-11-14 21:30:09,2025-11-15 22:25:13,UTC-08:00,2025-11-14 21:30:09,2025-11-15 06:58:27,99,15.4,549,568,329,133,87,19,454,0,96,89,false
2025-11-13 22:01:38,2025-11-14 21:30:09,UTC-08:00,2025-11-13 22:01:38,2025-11-14 06:38:26,97,15.0,477,516,227,170,80,39,473,0,92,87,false
2025-11-12 21:17:06,2025-11-13 22:01:38,UTC-08:00,2025-11-12 21:17:06,2025-11-13 07:10:46,94,15.7,562,593,249,172,141,31,468,0,95,85,false
2025-11-11 21:34:03,2025-11-12 21:17:06,UTC-08:00,2025-11-11 21:34:03,2025-11-12 06:48:14,92,15.3,531,554,338,122,71,23,493,20,96,82,false
2025-11-09 21:41:55,2025-11-10 20:34:23,UTC-08:00,2025-11-09 21:41:55,2025-11-10 05:46:38,93,15.0,469,484,249,156,64,15,502,0,96,86,false
2025-11-08 20:34:23,2025-11-09 21:41:55,UTC-08:00,2025-11-08 20:34:23,2025-11-09 05:39:33,89,15.4,504,545,275,174,55,41,450,0,92,75,false
2025-11-07 21:12:51,2025-11-08 20:34:23,UTC-08:00,2025-11-07 21:12:51,2025-11-08 06:02:28,89,15.2,486,529,238,159,89,43,475,0,91,78,false
2025-11-06 22:04:46,2025-11-07 21:12:51,UTC-08:00,2025-11-06 22:04:46,2025-11-07 06:51:18,93,15.1,511,526,141,151,219,15,495,13,97,82,false
2025-11-05 21:50:39,2025-11-06 22:04:46,UTC-08:00,2025-11-05 21:50:39,2025-11-06 07:00:46,84,16.0,509,550,268,121,120,41,535,64,92,70,false
2025-11-04 23:51:04,2025-11-05 21:50:39,UTC-08:00,2025-11-04 23:51:04,2025-11-05 06:54:08,77,15.2,404,423,187,120,97,19,532,80,95,53,false
2025-11-03 22:06:02,2025-11-04 23:51:04,UTC-08:00,2025-11-03 22:06:02,2025-11-04 03:35:59,74,14.5,317,329,175,116,26,12,478,0,96,54,false
2025-11-02 21:16:53,2025-11-03 22:06:02,UTC-08:00,2025-11-02 21:16:53,2025-11-03 06:03:49,89,15.2,491,526,248,145,98,35,491,0,93,75,false
2025-11-01 19:28:20,2025-11-02 21:16:53,UTC-08:00,2025-11-01 19:28:20,2025-11-02 07:48:58,81,14.7,668,740,493,116,59,72,474,4,90,61,false
2025-10-31 22:14:48,2025-11-01 20:28:20,UTC-07:00,2025-10-31 22:14:48,2025-11-01 06:56:49,92,15.4,472,522,203,164,105,50,481,0,90,83,false
2025-10-30 20:25:16,2025-10-31 22:14:48,UTC-07:00,2025-10-30 20:25:16,2025-10-31 06:01:26,89,14.6,550,576,255,155,140,26,474,24,95,76,false
2025-10-29 22:15:43,2025-10-30 20:25:16,UTC-07:00,2025-10-29 22:15:43,2025-10-30 06:25:44,94,14.5,455,490,221,132,102,35,493,19,92,93,false
2025-10-28 22:16:12,2025-10-29 22:15:43,UTC-07:00,2025-10-28 22:16:12,2025-10-29 06:39:20,95,14.6,467,503,259,150,58,36,497,7,92,89,false
2025-10-27 21:46:52,2025-10-28 22:16:12,UTC-07:00,2025-10-27 21:46:52,2025-10-28 06:18:50,94,14.5,466,511,237,155,74,45,479,19,91,86,false
2025-10-26 22:34:20,2025-10-27 21:46:52,UTC-07:00,2025-10-26 22:34:20,2025-10-27 06:51:50,92,14.6,453,497,244,129,80,44,492,0,91,86,false
2025-10-25 21:48:46,2025-10-26 22:34:20,UTC-07:00,2025-10-25 21:48:46,2025-10-26 07:07:49,97,15.4,521,559,285,143,93,38,468,0,93,89,false
2025-10-24 21:48:14,2025-10-25 21:48:46,UTC-07:00,2025-10-24 21:48:14,2025-10-25 07:58:57,89,15.1,549,610,273,156,120,61,477,0,90,78,false
2025-10-23 21:54:12,2025-10-24 21:48:14,UTC-07:00,2025-10-23 21:54:12,2025-10-24 06:42:05,99,15.1,508,527,271,161,76,19,475,0,96,89,false
2025-10-22 22:24:39,2025-10-23 21:54:12,UTC-07:00,2025-10-22 22:24:39,2025-10-23 06:48:09,93,14.6,479,503,249,132,98,24,474,0,95,82,false
2025-10-21 21:22:38,2025-10-22 22:24:39,UTC-07:00,2025-10-21 21:22:38,2025-10-22 05:36:34,91,15.1,475,493,202,145,128,18,462,12,96,79,false
2025-10-20 22:04:06,2025-10-21 21:22:38,UTC-07:00,2025-10-20 22:04:06,2025-10-21 06:20:37,87,15.5,446,496,278,119,49,50,472,0,90,83,false
2025-10-19 21:56:03,2025-10-20 22:04:06,UTC-07:00,2025-10-19 21:56:03,2025-10-20 06:37:56,95,14.4,500,521,306,134,60,21,467,0,96,84,false
2025-10-18 21:37:32,2025-10-19 21:56:03,UTC-07:00,2025-10-18 21:37:32,2025-10-19 07:22:33,98,14.5,537,585,317,138,82,48,463,0,92,88,false
2025-10-17 21:27:58,2025-10-18 21:37:32,UTC-07:00,2025-10-17 21:27:58,2025-10-18 08:25:17,91,14.8,613,657,340,149,124,44,450,0,93,79,false
2025-10-16 20:57:26,2025-10-17 21:27:58,UTC-07:00,2025-10-16 20:57:26,2025-10-17 07:27:51,82,14.8,520,630,286,140,94,110,470,0,82,83,false
2025-10-15 21:45:24,2025-10-16 20:57:26,UTC-07:00,2025-10-15 21:45:24,2025-10-16 06:47:26,100,14.8,506,540,184,173,149,34,485,0,94,93,false
2025-10-14 21:48:52,2025-10-15 21:45:24,UTC-07:00,2025-10-14 21:48:52,2025-10-15 06:56:25,98,14.9,508,540,245,163,100,32,494,8,93,91,false
2025-10-13 22:08:20,2025-10-14 21:48:52,UTC-07:00,2025-10-13 22:08:20,2025-10-14 07:01:35,96,14.6,479,516,248,135,96,37,493,0,93,,false
2025-10-12 21:01:16,2025-10-13 22:08:20,UTC-07:00,2025-10-12 21:01:16,2025-10-13 06:36:17,100,14.5,520,572,325,122,73,52,463,0,90,,false
2025-10-04 21:06:48,2025-10-05 21:19:12,UTC-07:00,2025-10-04 21:06:48,2025-10-05 08:33:50,82,14.8,604,687,299,163,142,83,528,50,87,62,false
2025-10-03 22:32:46,2025-10-04 21:06:48,UTC-07:00,2025-10-03 22:32:46,2025-10-04 05:03:17,81,14.5,349,382,157,111,81,33,449,0,91,72,false
2025-10-02 22:10:42,2025-10-03 22:32:46,UTC-07:00,2025-10-02 22:10:42,2025-10-03 07:07:13,100,14.7,513,534,212,136,165,21,471,0,96,90,false
2025-10-01 22:22:39,2025-10-02 22:10:42,UTC-07:00,2025-10-01 22:22:39,2025-10-02 07:33:11,90,14.6,494,544,222,127,145,50,471,0,90,79,false
2025-09-30 21:56:08,2025-10-01 22:22:39,UTC-07:00,2025-09-30 21:56:08,2025-10-01 06:36:09,91,14.5,495,516,285,119,91,21,451,0,95,80,false
2025-09-29 21:58:03,2025-09-30 21:56:08,UTC-07:00,2025-09-29 21:58:03,2025-09-30 07:00:35,88,14.6,508,538,277,169,62,30,480,0,94,75,false
2025-09-28 21:48:48,2025-09-29 21:58:03,UTC-07:00,2025-09-28 21:48:48,2025-09-29 06:56:49,80,14.8,477,548,299,108,70,71,366,0,87,59,false
2025-09-27 21:47:15,2025-09-28 21:48:48,UTC-07:00,2025-09-28 12:09:16,2025-09-28 14:03:47,26,15.5,102,111,34,57,11,9,449,0,91,,true
2025-09-27 21:47:15,2025-09-28 21:48:48,UTC-07:00,2025-09-27 21:47:15,2025-09-28 09:36:46,86,15.5,602,677,391,104,107,75,461,0,88,74,false
2025-09-26 21:32:41,2025-09-27 21:47:15,UTC-07:00,2025-09-26 21:32:41,2025-09-27 08:07:13,93,14.8,568,621,325,143,100,53,472,0,91,82,false
2025-09-25 22:09:10,2025-09-26 21:32:41,UTC-07:00,2025-09-25 22:09:10,2025-09-26 07:59:41,88,14.5,523,587,371,112,40,64,465,0,89,77,false
2025-09-24 22:35:07,2025-09-25 22:09:10,UTC-07:00,2025-09-24 22:35:07,2025-09-25 07:30:09,86,15.5,483,535,267,147,69,52,464,14,90,72,false
2025-09-23 21:32:27,2025-09-24 22:35:07,UTC-07:00,2025-09-23 21:32:27,2025-09-24 05:56:29,87,14.7,460,504,249,111,100,44,488,36,91,77,false
2025-09-22 22:54:56,2025-09-23 21:32:27,UTC-07:00,2025-09-22 22:54:56,2025-09-23 06:32:27,81,14.0,418,457,210,143,65,39,490,18,91,65,false
2025-09-21 21:26:11,2025-09-22 22:54:56,UTC-07:00,2025-09-21 21:26:11,2025-09-22 04:56:12,82,16.0,413,448,161,112,140,35,450,0,92,64,false
2025-09-20 20:45:39,2025-09-21 21:26:11,UTC-07:00,2025-09-20 20:45:39,2025-09-21 07:56:40,89,14.2,615,670,292,166,157,55,459,0,91,78,false
2025-09-19 20:52:36,2025-09-20 20:45:39,UTC-07:00,2025-09-19 20:52:36,2025-09-20 08:23:07,85,15.4,660,685,342,146,172,25,450,0,96,67,false
2025-09-18 21:52:34,2025-09-19 20:52:36,UTC-07:00,2025-09-18 21:52:34,2025-09-19 06:34:35,100,14.4,485,522,293,122,70,37,472,0,93,94,false
2025-09-17 22:00:01,2025-09-18 21:52:34,UTC-07:00,2025-09-17 22:00:01,2025-09-18 06:25:02,100,14.6,490,499,315,116,59,9,476,0,98,91,false
2025-09-16 22:01:50,2025-09-17 22:00:01,UTC-07:00,2025-09-16 22:01:50,2025-09-17 06:46:22,98,14.9,489,519,317,121,51,30,479,18,94,88,false
2025-09-15 21:50:47,2025-09-16 22:01:50,UTC-07:00,2025-09-15 21:50:47,2025-09-16 06:05:18,91,14.7,447,494,236,146,65,47,483,0,90,84,false
2025-09-14 20:49:07,2025-09-15 21:50:47,UTC-07:00,2025-09-14 20:49:07,2025-09-15 06:54:39,94,14.7,574,605,241,141,192,31,461,7,94,83,false
2025-09-13 21:58:35,2025-09-14 20:49:07,UTC-07:00,2025-09-13 21:58:35,2025-09-14 06:59:06,94,14.2,480,529,292,146,42,49,492,5,90,84,false
2025-09-12 21:27:30,2025-09-13 21:58:35,UTC-07:00,2025-09-12 21:27:30,2025-09-13 05:41:31,94,14.5,466,491,275,130,61,25,475,0,94,86,false
2025-09-11 21:30:28,2025-09-12 21:27:30,UTC-07:00,2025-09-11 21:30:28,2025-09-12 06:30:29,98,14.6,518,536,334,121,63,18,458,8,96,88,false
2025-09-10 21:54:24,2025-09-11 21:30:28,UTC-07:00,2025-09-10 21:54:24,2025-09-11 06:44:56,96,14.3,494,528,269,143,82,34,507,40,93,87,false
2025-09-09 21:55:23,2025-09-10 21:54:24,UTC-07:00,2025-09-09 21:55:23,2025-09-10 05:00:24,84,14.4,406,425,262,112,32,19,486,1,95,76,false
2025-09-08 22:00:21,2025-09-09 21:55:23,UTC-07:00,2025-09-08 22:00:21,2025-09-09 06:30:22,98,14.2,477,510,270,127,80,33,480,0,93,88,false
2025-09-07 21:17:48,2025-09-08 22:00:21,UTC-07:00,2025-09-07 21:17:48,2025-09-08 06:40:38,99,15.4,513,556,329,111,73,43,466,0,92,89,false
2025-09-06 21:20:16,2025-09-07 21:17:48,UTC-07:00,2025-09-06 21:20:16,2025-09-07 06:30:47,93,15.1,487,547,251,118,118,60,475,0,89,84,false
2025-09-05 20:24:43,2025-09-06 21:20:16,UTC-07:00,2025-09-05 20:24:43,2025-09-06 07:00:45,85,14.9,591,636,279,132,180,45,474,25,92,68,false
2025-09-04 22:05:10,2025-09-05 20:24:43,UTC-07:00,2025-09-04 22:05:10,2025-09-05 06:34:41,86,14.8,463,504,244,146,73,41,513,49,91,78,false
2025-09-03 23:29:38,2025-09-04 22:05:10,UTC-07:00,2025-09-03 23:29:38,2025-09-04 06:25:09,79,14.2,376,415,195,118,63,39,476,0,90,59,false
2025-09-02 21:21:06,2025-09-03 23:29:38,UTC-07:00,2025-09-02 21:21:06,2025-09-03 06:18:37,81,14.7,469,537,322,117,30,68,453,0,87,63,false
2025-09-01 21:52:34,2025-09-02 21:21:06,UTC-07:00,2025-09-01 21:52:34,2025-09-02 09:23:05,79,15.9,513,671,287,116,110,158,450,0,76,82,false
2025-08-31 21:27:49,2025-09-01 21:52:34,UTC-07:00,2025-08-31 21:27:49,2025-09-01 09:13:33,90,15.5,638,699,364,148,126,61,472,0,91,78,false
2025-08-30 21:08:16,2025-08-31 21:27:49,UTC-07:00,2025-08-30 21:08:16,2025-08-31 09:57:48,84,15.4,695,764,408,172,115,69,450,0,90,64,false
2025-08-29 20:32:11,2025-08-30 21:08:16,UTC-07:00,2025-08-29 20:32:11,2025-08-30 07:56:43,82,15.4,582,684,382,85,115,102,478,0,85,75,false
2025-08-28 21:33:09,2025-08-29 20:32:11,UTC-07:00,2025-08-28 21:33:09,2025-08-29 06:35:41,99,15.3,505,526,300,114,91,21,449,0,95,89,false
2025-08-27 21:43:06,2025-08-28 21:33:09,UTC-07:00,2025-08-27 21:43:06,2025-08-28 07:12:08,100,14.7,511,569,294,133,84,58,471,0,90,94,false
2025-08-26 22:01:03,2025-08-27 21:43:06,UTC-07:00,2025-08-26 22:01:03,2025-08-27 07:11:35,100,15.1,502,550,297,108,97,48,479,0,91,90,false
2025-08-25 21:52:32,2025-08-26 22:01:03,UTC-07:00,2025-08-25 21:52:32,2025-08-26 07:06:03,95,15.8,526,553,256,153,117,27,456,0,95,85,false
2025-08-24 21:15:59,2025-08-25 21:52:32,UTC-07:00,2025-08-24 21:15:59,2025-08-25 07:07:00,88,15.4,552,584,336,114,102,32,491,0,94,78,false
2025-08-23 21:50:56,2025-08-24 21:15:59,UTC-07:00,2025-08-23 21:50:56,2025-08-24 06:44:28,88,14.9,487,528,296,144,47,41,449,0,92,73,false
2025-08-22 22:17:53,2025-08-23 21:50:56,UTC-07:00,2025-08-22 22:17:53,2025-08-23 10:10:56,79,15.3,613,713,355,129,129,100,476,0,86,61,false
2025-08-21 21:27:22,2025-08-22 22:17:53,UTC-07:00,2025-08-21 21:27:22,2025-08-22 07:37:53,97,14.7,559,609,321,154,84,50,469,0,91,87,false
2025-08-20 21:41:49,2025-08-21 21:27:22,UTC-07:00,2025-08-20 21:41:49,2025-08-21 07:06:21,100,14.4,503,561,303,135,65,58,474,5,89,91,false
2025-08-19 21:58:46,2025-08-20 21:41:49,UTC-07:00,2025-08-19 21:58:46,2025-08-20 06:35:44,95,14.3,464,516,219,146,99,52,472,0,89,86,false
2025-08-18 21:30:45,2025-08-19 21:58:46,UTC-07:00,2025-08-18 21:30:45,2025-08-19 07:00:16,96,14.4,529,569,283,135,111,40,486,0,92,86,false
2025-08-17 21:19:43,2025-08-18 21:30:45,UTC-07:00,2025-08-17 21:19:43,2025-08-18 06:48:14,89,15.6,500,568,285,126,89,68,449,0,89,78,false
2025-08-16 21:57:08,2025-08-17 21:19:43,UTC-07:00,2025-08-16 21:57:08,2025-08-17 08:29:24,94,15.0,603,628,313,171,119,25,479,0,96,83,false
2025-08-15 22:17:35,2025-08-16 21:57:08,UTC-07:00,2025-08-15 22:17:35,2025-08-16 07:27:06,95,15.2,502,541,280,126,96,39,460,0,92,84,false
2025-08-14 21:18:33,2025-08-15 22:17:35,UTC-07:00,2025-08-14 21:18:33,2025-08-15 07:49:04,100,14.9,562,628,349,115,98,66,468,0,89,91,false
2025-08-13 21:20:01,2025-08-14 21:18:33,UTC-07:00,2025-08-13 21:20:01,2025-08-14 07:14:27,93,15.6,558,594,295,181,82,36,466,0,94,84,false
2025-08-12 21:13:58,2025-08-13 21:20:01,UTC-07:00,2025-08-12 21:13:58,2025-08-13 08:05:10,85,15.0,563,637,333,123,107,74,461,0,88,77,false
2025-08-11 21:16:57,2025-08-12 21:13:58,UTC-07:00,2025-08-11 21:16:57,2025-08-12 07:27:58,86,14.7,503,609,308,135,60,106,488,28,91,72,false
2025-08-10 22:29:54,2025-08-11 21:16:57,UTC-07:00,2025-08-10 22:29:54,2025-08-11 05:57:55,81,14.9,413,448,247,119,47,35,470,0,92,64,false
2025-08-09 20:34:52,2025-08-10 22:29:54,UTC-07:00,2025-08-09 20:34:52,2025-08-10 09:52:23,76,14.8,633,780,407,115,111,147,470,21,81,57,false
2025-08-08 21:44:48,2025-08-09 20:34:52,UTC-07:00,2025-08-08 21:44:48,2025-08-09 06:28:19,93,14.9,472,520,204,136,132,48,505,29,90,86,false
2025-08-07 22:03:46,2025-08-08 21:44:48,UTC-07:00,2025-08-07 22:03:46,2025-08-08 07:20:17,77,15.2,418,531,221,107,90,113,477,0,78,89,false
2025-08-06 21:56:43,2025-08-07 22:03:46,UTC-07:00,2025-08-06 21:56:43,2025-08-07 07:35:15,96,15.8,548,578,250,141,157,30,477,0,95,86,false
2025-08-05 21:11:41,2025-08-06 21:56:43,UTC-07:00,2025-08-05 21:11:41,2025-08-06 07:08:51,88,14.8,560,597,300,140,120,37,493,0,94,79,false
2025-08-04 21:47:08,2025-08-05 21:11:41,UTC-07:00,2025-08-04 21:47:08,2025-08-05 06:16:39,87,14.7,452,506,281,123,48,54,449,0,89,75,false
2025-08-03 22:29:36,2025-08-04 21:47:08,UTC-07:00,2025-08-03 22:29:36,2025-08-04 07:57:38,95,14.5,526,565,261,137,128,39,473,0,93,85,false
2025-08-02 21:36:04,2025-08-03 22:29:36,UTC-07:00,2025-08-02 21:36:04,2025-08-03 07:47:06,92,15.2,534,604,297,127,110,70,473,0,88,86,false
2025-08-01 22:02:02,2025-08-02 21:36:04,UTC-07:00,2025-08-01 22:02:02,2025-08-02 08:29:03,91,14.7,566,625,302,141,123,59,487,13,93,79,false
2025-07-31 21:28:59,2025-08-01 22:02:02,UTC-07:00,2025-07-31 21:28:59,2025-08-01 07:30:01,77,15.2,450,591,165,172,113,141,477,0,76,90,false
2025-07-30 21:16:56,2025-07-31 21:28:59,UTC-07:00,2025-07-30 21:16:56,2025-07-31 06:48:27,88,14.2,491,571,307,113,71,80,450,0,85,85,false
2025-07-29 21:42:23,2025-07-30 21:16:56,UTC-07:00,2025-07-29 21:42:23,2025-07-30 07:17:46,97,14.2,522,575,293,129,100,53,482,0,90,87,false
2025-07-28 22:18:50,2025-07-29 21:42:23,UTC-07:00,2025-07-28 22:18:50,2025-07-29 07:11:22,93,14.4,495,529,276,160,59,34,481,0,93,82,false
2025-07-27 21:11:48,2025-07-28 22:18:50,UTC-07:00,2025-07-27 21:11:48,2025-07-28 08:09:20,85,15.2,551,645,309,146,96,94,450,0,85,78,false
2025-07-26 22:07:46,2025-07-27 21:11:48,UTC-07:00,2025-07-26 22:07:46,2025-07-27 06:51:18,94,15.1,494,515,286,162,46,21,462,0,96,83,false
2025-07-25 22:02:44,2025-07-26 22:07:46,UTC-07:00,2025-07-25 22:02:44,2025-07-26 08:52:45,89,15.1,576,647,328,157,91,71,472,0,89,78,false
2025-07-24 21:45:42,2025-07-25 22:02:44,UTC-07:00,2025-07-24 21:45:42,2025-07-25 07:32:43,98,15.0,560,585,272,157,131,25,468,0,95,93,false
2025-07-23 21:43:40,2025-07-24 21:45:42,UTC-07:00,2025-07-23 21:43:40,2025-07-24 06:53:42,99,14.2,525,550,325,134,66,25,467,0,95,89,false
2025-07-22 21:48:07,2025-07-23 21:43:40,UTC-07:00,2025-07-22 21:48:07,2025-07-23 07:36:15,100,15.0,551,588,271,142,138,37,481,0,93,90,false
2025-07-21 21:13:40,2025-07-22 21:48:07,UTC-07:00,2025-07-21 21:13:40,2025-07-22 07:51:39,92,15.0,583,637,317,144,122,54,469,0,91,86,false
2025-07-20 21:35:08,2025-07-21 21:13:40,UTC-07:00,2025-07-20 21:35:08,2025-07-21 07:11:33,100,14.4,534,576,287,158,89,42,472,0,92,91,false
2025-07-19 21:12:05,2025-07-20 21:35:08,UTC-07:00,2025-07-19 21:12:05,2025-07-20 07:01:06,90,15.2,514,589,295,120,99,75,450,0,87,86,false
2025-07-18 21:49:33,2025-07-19 21:12:05,UTC-07:00,2025-07-18 21:49:33,2025-07-19 07:21:50,93,14.3,541,572,341,136,64,31,471,3,94,82,false
2025-07-17 22:20:01,2025-07-18 21:49:33,UTC-07:00,2025-07-17 22:20:01,2025-07-18 06:33:13,91,14.6,457,493,227,178,52,36,463,0,92,79,false
2025-07-16 21:15:57,2025-07-17 22:20:01,UTC-07:00,2025-07-16 21:15:57,2025-07-17 06:21:29,85,14.9,503,545,339,110,54,42,475,0,92,83,false
2025-07-15 20:40:54,2025-07-16 21:15:57,UTC-07:00,2025-07-15 20:40:54,2025-07-16 08:02:05,87,14.9,590,675,364,105,121,85,450,0,87,77,false
2025-07-14 21:22:51,2025-07-15 20:40:54,UTC-07:00,2025-07-14 21:22:51,2025-07-15 06:48:22,95,14.4,534,564,234,192,108,30,490,16,95,84,false
2025-07-13 21:52:50,2025-07-14 21:22:51,UTC-07:00,2025-07-13 21:52:50,2025-07-14 06:10:21,84,15.2,445,497,228,115,102,52,478,0,89,75,false
2025-07-12 21:09:17,2025-07-13 21:52:50,UTC-07:00,2025-07-12 21:09:17,2025-07-13 08:10:48,86,15.5,579,661,325,178,76,82,458,0,87,78,false
2025-07-11 21:26:44,2025-07-12 21:09:17,UTC-07:00,2025-07-11 21:26:44,2025-07-12 07:56:32,88,14.7,559,618,324,155,80,59,465,13,94,74,false
2025-07-10 21:44:41,2025-07-11 21:26:44,UTC-07:00,2025-07-10 21:44:41,2025-07-11 05:56:44,88,14.2,451,487,291,128,32,36,472,0,92,77,false
2025-07-09 21:45:09,2025-07-10 21:44:41,UTC-07:00,2025-07-09 21:45:09,2025-07-10 07:05:11,85,14.2,503,558,270,136,97,55,400,0,92,68,false
2025-07-08 21:36:07,2025-07-09 21:45:09,UTC-07:00,2025-07-09 16:56:39,2025-07-09 18:40:09,11,18.2,50,102,27,21,2,52,450,0,49,,true
2025-07-08 21:36:07,2025-07-09 21:45:09,UTC-07:00,2025-07-08 21:36:07,2025-07-09 07:25:38,93,14.8,539,587,336,127,76,48,519,50,91,82,false
2025-07-07 22:38:35,2025-07-08 21:36:07,UTC-07:00,2025-07-07 22:38:35,2025-07-08 06:00:07,78,14.2,383,438,221,115,47,55,483,0,87,67,false
2025-07-06 21:28:40,2025-07-07 22:38:35,UTC-07:00,2025-07-06 21:28:40,2025-07-07 06:43:43,88,14.2,505,554,243,121,141,49,477,0,91,78,false
2025-07-05 20:56:38,2025-07-06 21:28:40,UTC-07:00,2025-07-05 20:56:38,2025-07-06 07:49:40,81,15.9,540,650,230,151,159,110,463,0,83,77,false
2025-07-04 21:27:35,2025-07-05 20:56:38,UTC-07:00,2025-07-04 21:27:35,2025-07-05 07:59:37,88,14.4,562,630,325,150,87,68,460,0,89,73,false
2025-07-03 21:31:01,2025-07-04 21:27:35,UTC-07:00,2025-07-03 21:31:01,2025-07-04 08:13:03,80,14.4,549,640,378,87,84,91,378,0,86,58,false
2025-07-02 21:38:29,2025-07-03 21:31:01,UTC-07:00,2025-07-03 15:04:31,2025-07-03 16:52:01,12,17.6,77,105,52,21,4,28,450,0,73,,true
2025-07-02 21:38:29,2025-07-03 21:31:01,UTC-07:00,2025-07-02 21:38:29,2025-07-03 06:39:20,79,14.2,476,540,260,115,101,64,468,32,88,68,false
2025-07-01 21:36:56,2025-07-02 21:38:29,UTC-07:00,2025-07-02 14:50:27,2025-07-02 15:54:27,8,18.0,37,58,31,6,0,21,483,32,63,,true
2025-07-01 21:36:56,2025-07-02 21:38:29,UTC-07:00,2025-07-01 21:36:56,2025-07-02 06:01:43,77,14.0,445,504,291,90,64,59,496,0,88,65,false
2025-06-30 20:09:53,2025-07-01 21:36:56,UTC-07:00,2025-06-30 20:09:53,2025-07-01 06:44:58,74,14.6,590,635,356,134,100,45,116,127,93,53,false
2025-06-29 16:16:49,2025-06-30 20:09:53,UTC-07:00,2025-06-29 22:15:51,2025-06-30 06:39:52,85,14.3,479,500,234,123,122,21,577,127,95,,true
2025-06-29 16:16:49,2025-06-30 20:09:53,UTC-07:00,2025-06-29 16:16:49,2025-06-29 20:07:51,1,17.1,126,209,64,41,21,83,450,0,60,,false
2025-06-28 21:14:17,2025-06-29 16:16:49,UTC-07:00,2025-06-28 21:14:17,2025-06-29 07:53:49,83,14.5,536,639,354,70,112,103,486,0,84,,false
2025-05-24 19:23:52,2025-05-25 19:23:52,UTC-07:00,2025-05-24 19:23:52,2025-05-25 08:15:54,77,14.4,641,767,482,83,76,126,452,0,83,60,false
2025-05-22 21:17:49,2025-05-24 00:00:00,UTC-07:00,2025-05-22 21:17:49,2025-05-23 06:39:14,100,14.7,517,561,343,144,30,44,450,0,92,93,false
2025-05-21 21:36:32,2025-05-22 21:17:49,UTC-07:00,2025-05-21 21:36:32,2025-05-22 06:13:44,97,15.0,490,514,292,129,69,24,450,0,95,87,false
2025-05-20 20:49:48,2025-05-21 21:36:32,UTC-07:00,2025-05-20 20:49:48,2025-05-21 06:33:45,100,14.6,532,583,357,117,58,51,450,0,93,91,false
2025-05-19 21:17:08,2025-05-20 20:49:48,UTC-07:00,2025-05-19 21:17:08,2025-05-20 06:42:30,85,14.6,481,557,344,71,66,76,470,15,86,,false
2025-05-18 21:06:59,2025-05-19 21:17:08,UTC-07:00,2025-05-18 21:06:59,2025-05-19 06:58:12,76,14.3,454,581,230,124,100,127,485,0,78,,false
2024-12-11 20:32:35,2024-12-12 20:32:35,UTC-08:00,2024-12-11 20:32:35,2024-12-12 06:35:49,100,14.9,558,599,317,130,111,41,465,0,93,83,false
2024-12-10 21:29:44,2024-12-11 20:32:35,UTC-08:00,2024-12-10 21:29:44,2024-12-11 06:25:12,100,14.3,512,533,339,66,107,21,467,15,96,,false
2024-12-09 22:16:46,2024-12-10 21:29:44,UTC-08:00,2024-12-09 22:16:46,2024-12-10 06:29:27,94,14.0,456,492,291,96,69,36,486,0,95,,false
2024-10-30 21:29:43,2024-10-31 21:15:44,UTC-07:00,2024-10-30 21:29:43,2024-10-31 06:25:10,100,14.3,497,531,290,132,75,34,457,2,94,93,false
2024-10-29 21:15:44,2024-10-30 21:29:43,UTC-07:00,2024-10-29 21:15:44,2024-10-30 06:23:41,99,14.1,446,547,285,102,59,101,452,0,81,96,false
2024-10-28 21:12:46,2024-10-29 21:15:44,UTC-07:00,2024-10-28 21:12:46,2024-10-29 06:42:50,100,14.2,517,558,281,132,104,41,450,0,92,,false
2024-10-27 21:06:57,2024-10-28 21:12:46,UTC-07:00,2024-10-27 21:06:57,2024-10-28 06:51:55,100,14.4,567,584,394,105,68,17,484,0,96,,false
2024-08-25 21:20:26,2024-08-26 21:20:26,UTC-07:00,2024-08-25 21:20:26,2024-08-26 07:27:03,100,13.2,546,606,411,67,68,60,450,0,92,64,false
2024-08-24 22:56:29,2024-08-25 21:20:26,UTC-07:00,2024-08-24 22:56:29,2024-08-25 10:35:21,100,13.4,608,698,314,149,145,90,457,0,87,57,false
2024-08-23 21:20:03,2024-08-24 22:56:29,UTC-07:00,2024-08-23 21:20:03,2024-08-24 09:22:00,100,12.8,604,721,372,147,85,117,451,0,83,69,false
2024-08-22 21:55:00,2024-08-23 21:20:03,UTC-07:00,2024-08-22 21:55:00,2024-08-23 06:44:44,100,13.4,482,525,318,72,92,43,451,0,92,85,false
2024-08-21 21:15:29,2024-08-22 21:55:00,UTC-07:00,2024-08-21 21:15:29,2024-08-22 06:59:30,100,13.5,503,581,326,123,54,78,450,0,88,83,false
2024-08-20 22:05:51,2024-08-21 21:15:29,UTC-07:00,2024-08-20 22:05:51,2024-08-21 08:00:00,100,13.0,549,594,362,98,89,45,453,1,92,83,false
2024-08-19 21:37:41,2024-08-20 22:05:51,UTC-07:00,2024-08-19 21:37:41,2024-08-20 07:06:01,99,13.1,448,563,265,128,55,115,451,0,81,80,false
2024-08-18 22:59:19,2024-08-19 21:37:41,UTC-07:00,2024-08-18 22:59:19,2024-08-19 08:04:23,100,13.3,484,526,304,83,97,42,450,0,92,70,false
2024-08-17 20:57:10,2024-08-18 22:59:19,UTC-07:00,2024-08-17 20:57:10,2024-08-18 08:17:18,100,13.4,628,662,357,140,131,34,400,0,94,65,false
2024-08-16 22:02:56,2024-08-17 20:57:10,UTC-07:00,2024-08-17 16:30:23,2024-08-17 17:36:43,11,14.5,50,66,50,0,0,16,450,0,78,,true
2024-08-16 22:02:56,2024-08-17 20:57:10,UTC-07:00,2024-08-16 22:02:56,2024-08-17 08:07:36,100,13.6,501,588,267,131,103,87,450,0,85,71,false
2024-08-15 20:59:56,2024-08-16 22:02:56,UTC-07:00,2024-08-15 20:59:56,2024-08-16 05:48:10,100,14.2,500,526,321,101,78,26,452,0,95,69,false
2024-08-14 22:36:22,2024-08-15 20:59:56,UTC-07:00,2024-08-14 22:36:22,2024-08-15 07:52:02,100,13.6,487,555,330,39,118,68,468,15,87,66,false
2024-08-13 21:23:42,2024-08-14 22:36:22,UTC-07:00,2024-08-13 21:23:42,2024-08-14 04:46:23,93,15.3,422,442,212,108,102,20,453,0,97,78,false
2024-08-12 21:23:10,2024-08-13 21:23:42,UTC-07:00,2024-08-12 21:23:10,2024-08-13 07:27:21,100,14.4,567,591,362,93,112,24,490,37,97,79,false
2024-08-11 21:25:01,2024-08-12 21:23:10,UTC-07:00,2024-08-11 21:25:01,2024-08-12 05:44:54,88,14.3,434,495,209,110,115,61,492,39,88,,false
2024-08-10 22:15:24,2024-08-11 21:25:01,UTC-07:00,2024-08-10 22:15:24,2024-08-11 06:26:09,85,15.0,454,487,238,103,113,33,533,0,93,,false
2024-05-05 21:33:00,2024-05-06 21:30:03,UTC-07:00,2024-05-05 21:33:00,2024-05-06 05:14:25,94,12.5,424,461,280,79,65,37,450,0,96,83,false
2024-05-04 21:30:03,2024-05-05 21:33:00,UTC-07:00,2024-05-04 21:30:03,2024-05-05 08:02:36,100,12.6,579,632,352,138,89,53,450,0,91,81,false
2024-05-03 21:44:26,2024-05-04 21:30:03,UTC-07:00,2024-05-03 21:44:26,2024-05-04 07:29:52,100,12.6,539,585,381,90,68,46,451,0,92,79,false
2024-05-02 21:02:05,2024-05-03 21:44:26,UTC-07:00,2024-05-02 21:02:05,2024-05-03 06:17:14,100,12.7,506,534,419,82,5,28,451,0,97,92,false
2024-05-01 20:54:21,2024-05-02 21:02:05,UTC-07:00,2024-05-01 20:54:21,2024-05-02 06:17:12,100,12.9,501,562,342,79,80,61,451,0,91,84,false
2024-04-30 21:29:53,2024-05-01 20:54:21,UTC-07:00,2024-04-30 21:29:53,2024-05-01 06:59:53,100,12.8,468,539,324,111,33,71,453,2,86,,false
2024-04-29 21:04:20,2024-04-30 21:29:53,UTC-07:00,2024-04-29 21:04:20,2024-04-30 05:47:48,99,13.2,482,522,363,117,2,40,486,0,94,,false
2024-01-14 18:35:11,2024-01-15 18:35:11,UTC-07:00,2024-01-14 18:35:11,2024-01-15 08:30:39,100,14.4,741,835,741,0,0,90,452,0,88,,false
2024-01-02 21:55:08,2024-01-03 21:55:08,UTC-08:00,2024-01-02 21:55:08,2024-01-03 07:15:53,100,13.4,515,555,361,76,78,40,486,0,92,,false
2023-10-25 21:17:59,2023-10-26 21:17:59,UTC-07:00,2023-10-25 21:17:59,2023-10-26 06:16:48,100,14.2,500,535,290,111,99,35,452,0,95,78,false
2023-10-24 22:35:20,2023-10-25 21:17:59,UTC-07:00,2023-10-24 22:35:20,2023-10-25 07:24:32,100,14.4,491,529,292,106,93,38,458,4,94,82,false
2023-10-23 22:28:34,2023-10-24 22:35:20,UTC-07:00,2023-10-23 22:28:34,2023-10-24 06:11:55,98,14.2,445,463,257,72,116,18,452,0,96,77,false
2023-10-22 21:10:39,2023-10-23 22:28:34,UTC-07:00,2023-10-22 21:10:39,2023-10-23 06:29:39,100,15.5,489,558,272,94,123,69,453,0,87,80,false
2023-10-21 23:16:33,2023-10-22 21:10:39,UTC-07:00,2023-10-21 23:16:33,2023-10-22 07:23:56,100,14.2,456,484,278,92,86,28,453,0,94,66,false
2023-10-20 21:25:00,2023-10-21 23:16:33,UTC-07:00,2023-10-20 21:25:00,2023-10-21 07:37:21,100,16.1,489,605,346,106,37,116,452,0,81,74,false
2023-10-19 21:36:01,2023-10-20 21:25:00,UTC-07:00,2023-10-19 21:36:01,2023-10-20 05:49:38,100,14.3,465,479,317,93,55,14,463,0,97,73,false
2023-10-18 20:41:10,2023-10-19 21:36:01,UTC-07:00,2023-10-18 20:41:10,2023-10-19 07:04:35,100,14.4,566,606,386,111,69,40,551,84,95,64,false
2023-10-17 21:54:40,2023-10-18 20:41:10,UTC-07:00,2023-10-17 21:54:40,2023-10-18 03:31:08,64,15.5,295,314,226,50,19,19,464,12,96,,false
2023-10-16 21:24:50,2023-10-17 21:54:40,UTC-07:00,2023-10-16 21:24:50,2023-10-17 06:34:42,96,14.9,513,549,382,85,46,36,532,82,93,,false
2023-10-05 00:23:22,2023-10-06 00:23:22,UTC-07:00,2023-10-05 00:23:22,2023-10-05 06:02:14,65,15.2,309,322,161,97,51,13,474,23,96,76,false
2023-10-03 22:50:05,2023-10-05 00:23:22,UTC-07:00,2023-10-03 22:50:05,2023-10-04 06:44:30,91,14.9,448,474,348,68,32,26,496,38,97,74,false
2023-10-03 00:07:12,2023-10-03 22:50:05,UTC-07:00,2023-10-03 00:07:12,2023-10-03 06:55:45,83,14.2,374,408,235,78,61,34,451,0,92,58,false
2023-10-01 21:25:40,2023-10-03 00:07:12,UTC-07:00,2023-10-01 21:25:40,2023-10-02 06:36:01,100,14.5,509,550,237,157,115,41,450,0,93,78,false
2023-09-30 19:16:49,2023-10-01 21:25:40,UTC-07:00,2023-09-30 19:16:49,2023-10-01 06:38:52,100,15.6,561,672,339,133,89,111,451,0,85,55,false
2023-09-29 21:34:17,2023-09-30 19:16:49,UTC-07:00,2023-09-29 21:34:17,2023-09-30 08:14:59,100,15.4,588,633,354,128,106,45,452,0,93,72,false
2023-09-28 22:02:04,2023-09-29 21:34:17,UTC-07:00,2023-09-28 22:02:04,2023-09-29 06:35:53,100,16.4,456,513,282,66,108,57,458,4,88,85,false
2023-09-27 22:36:36,2023-09-28 22:02:04,UTC-07:00,2023-09-27 22:36:36,2023-09-28 06:31:58,99,15.4,445,473,245,67,133,28,451,0,96,76,false
2023-09-26 22:14:27,2023-09-27 22:36:36,UTC-07:00,2023-09-26 22:14:27,2023-09-27 06:54:03,100,15.2,506,515,294,66,146,9,504,52,98,66,false
2023-09-25 23:02:58,2023-09-26 22:14:27,UTC-07:00,2023-09-25 23:02:58,2023-09-26 06:20:51,84,15.2,424,437,308,77,39,13,505,53,96,53,false
2023-09-24 19:43:20,2023-09-25 23:02:58,UTC-07:00,2023-09-24 19:43:20,2023-09-25 03:41:47,78,15.9,388,472,299,57,32,84,494,39,82,,false
2023-09-23 21:54:32,2023-09-24 19:43:20,UTC-07:00,2023-09-23 21:54:32,2023-09-24 05:00:53,84,16.1,405,425,295,39,71,20,483,0,95,,false
2023-09-04 20:50:44,2023-09-05 20:50:44,UTC-07:00,2023-09-04 20:50:44,2023-09-05 01:17:01,53,14.1,239,266,196,20,23,27,452,0,95,76,false
2023-09-03 21:13:17,2023-09-04 20:50:44,UTC-07:00,2023-09-03 21:13:17,2023-09-04 07:05:27,100,14.3,529,592,346,106,77,63,454,0,89,81,false
2023-09-02 21:25:15,2023-09-03 21:13:17,UTC-07:00,2023-09-02 21:25:15,2023-09-03 07:12:08,100,14.7,518,586,281,119,118,68,496,43,89,73,false
2023-09-01 22:34:19,2023-09-02 21:25:15,UTC-07:00,2023-09-01 22:34:19,2023-09-02 06:45:04,85,14.0,442,487,235,92,115,45,518,58,92,,false
2023-08-31 22:31:20,2023-09-01 22:34:19,UTC-07:00,2023-08-31 22:31:20,2023-09-01 04:52:29,74,14.1,359,376,246,76,37,17,488,0,95,,false
2023-08-01 22:21:36,2023-08-02 22:21:36,UTC-07:00,2023-08-01 22:21:36,2023-08-02 07:00:14,100,14.0,484,516,292,102,90,32,454,0,95,70,false
2023-07-31 21:29:38,2023-08-01 22:21:36,UTC-07:00,2023-07-31 21:29:38,2023-08-01 07:50:38,100,14.1,603,621,424,103,76,18,430,49,97,70,false
2023-07-30 21:20:38,2023-07-31 21:29:38,UTC-07:00,2023-07-31 05:42:16,2023-07-31 06:56:17,14,15.4,69,74,69,0,0,5,497,49,93,,true
2023-07-30 21:20:38,2023-07-31 21:29:38,UTC-07:00,2023-07-30 21:20:38,2023-07-31 03:20:57,78,13.9,352,359,280,17,55,7,451,0,97,83,false
2023-07-29 21:17:19,2023-07-30 21:20:38,UTC-07:00,2023-07-29 21:17:19,2023-07-30 09:10:37,100,14.4,676,713,457,122,97,37,450,0,94,76,false
2023-07-28 22:08:42,2023-07-29 21:17:19,UTC-07:00,2023-07-28 22:08:42,2023-07-29 08:02:48,100,13.9,531,580,331,117,83,49,450,0,91,67,false
2023-07-27 21:43:40,2023-07-28 22:08:42,UTC-07:00,2023-07-27 21:43:40,2023-07-28 10:00:31,100,14.0,586,736,421,116,49,150,452,0,79,66,false
2023-07-26 21:14:18,2023-07-27 21:43:40,UTC-07:00,2023-07-26 21:14:18,2023-07-27 08:22:54,100,13.9,586,668,373,135,78,82,456,0,87,68,false
2023-07-25 20:26:11,2023-07-26 21:14:18,UTC-07:00,2023-07-25 20:26:11,2023-07-26 07:28:32,100,15.1,558,662,335,124,99,104,451,0,84,,false
2023-07-24 21:37:17,2023-07-25 20:26:11,UTC-07:00,2023-07-24 21:37:17,2023-07-25 12:31:18,100,14.2,666,894,423,80,163,228,450,0,74,,false
2023-07-23 21:15:37,2023-07-24 21:37:17,UTC-07:00,2023-07-23 21:15:37,2023-07-24 07:41:26,100,13.5,589,615,429,83,77,26,448,0,96,,false
2023-07-16 20:11:37,2023-07-17 20:11:37,UTC-07:00,2023-07-16 20:11:37,2023-07-17 06:54:16,100,14.0,597,643,406,99,92,46,474,24,92,54,false
2023-07-16 00:14:48,2023-07-16 20:11:37,UTC-07:00,2023-07-16 00:14:48,2023-07-16 07:18:15,89,14.2,403,412,248,102,53,9,453,0,97,61,false
2023-07-14 22:09:18,2023-07-16 00:14:48,UTC-07:00,2023-07-14 22:09:18,2023-07-15 07:12:55,100,14.6,472,543,236,106,130,71,451,0,87,77,false
2023-07-13 22:33:46,2023-07-14 22:09:18,UTC-07:00,2023-07-13 22:33:46,2023-07-14 09:38:31,100,13.7,543,664,300,155,88,121,450,0,81,71,false
2023-07-13 00:04:34,2023-07-13 22:33:46,UTC-07:00,2023-07-13 00:04:34,2023-07-13 09:23:06,100,13.4,514,556,318,92,104,42,456,0,92,51,false
2023-07-11 21:52:46,2023-07-13 00:04:34,UTC-07:00,2023-07-11 21:52:46,2023-07-12 08:54:09,100,13.5,588,661,388,92,108,73,488,38,89,60,false
2023-07-10 21:47:58,2023-07-11 21:52:46,UTC-07:00,2023-07-10 21:47:58,2023-07-11 04:50:28,83,13.7,403,422,297,62,44,19,488,0,95,61,false
2023-07-09 20:13:24,2023-07-10 21:47:58,UTC-07:00,2023-07-09 20:13:24,2023-07-10 09:14:28,100,14.6,592,781,339,107,146,189,451,0,76,61,false
2023-07-08 18:52:08,2023-07-09 20:13:24,UTC-07:00,2023-07-08 18:52:08,2023-07-09 06:47:21,100,14.3,592,715,431,119,42,123,450,0,82,42,false
2023-07-07 23:43:50,2023-07-08 18:52:08,UTC-07:00,2023-07-07 23:43:50,2023-07-08 10:05:20,100,13.6,545,615,400,98,47,70,454,0,89,,false
2023-07-06 21:08:57,2023-07-07 23:43:50,UTC-07:00,2023-07-06 21:08:57,2023-07-07 08:16:06,100,13.6,596,667,321,151,124,71,451,0,91,,false
2023-07-05 21:02:49,2023-07-06 21:08:57,UTC-07:00,2023-07-05 21:02:49,2023-07-06 07:14:42,100,13.4,542,591,375,89,78,49,483,0,92,,false
2023-06-05 21:24:16,2023-06-06 21:24:16,UTC-07:00,2023-06-05 21:24:16,2023-06-06 07:03:27,100,14.4,490,576,225,132,133,86,456,5,85,87,false
2023-06-04 21:30:42,2023-06-05 21:24:16,UTC-07:00,2023-06-04 21:30:42,2023-06-05 06:23:02,98,14.0,439,526,298,109,32,87,451,0,83,81,false
2023-06-03 21:15:42,2023-06-04 21:30:42,UTC-07:00,2023-06-03 21:15:42,2023-06-04 07:50:13,100,13.9,550,634,401,101,48,84,457,5,86,77,false
2023-06-02 21:34:53,2023-06-03 21:15:42,UTC-07:00,2023-06-02 21:34:53,2023-06-03 07:30:54,98,15.2,481,595,322,77,82,114,493,40,81,,false
2023-06-01 22:00:19,2023-06-02 21:34:53,UTC-07:00,2023-06-01 22:00:19,2023-06-02 05:24:27,82,14.9,397,434,287,76,34,37,484,29,91,,false
2023-05-31 21:50:11,2023-06-01 22:00:19,UTC-07:00,2023-05-31 21:50:11,2023-06-01 05:43:38,87,14.5,422,473,237,85,100,51,483,0,89,,false
2023-05-11 20:43:54,2023-05-12 20:43:54,UTC-07:00,2023-05-11 20:43:54,2023-05-12 06:47:08,100,16.2,481,603,321,111,49,122,475,22,79,78,false
2023-05-10 20:42:51,2023-05-11 20:43:54,UTC-07:00,2023-05-10 20:42:51,2023-05-11 05:09:27,90,15.6,406,490,256,89,61,84,451,0,83,82,false
2023-05-09 21:30:47,2023-05-10 20:42:51,UTC-07:00,2023-05-09 21:30:47,2023-05-10 05:42:59,100,14.5,459,492,336,66,57,33,450,0,94,80,false
2023-05-08 21:07:40,2023-05-09 21:30:47,UTC-07:00,2023-05-08 21:07:40,2023-05-09 05:52:03,100,14.5,476,524,336,90,50,48,450,0,91,76,false
2023-05-07 20:49:21,2023-05-08 21:07:40,UTC-07:00,2023-05-07 20:49:21,2023-05-08 05:24:08,100,14.3,492,515,324,97,71,23,451,0,95,65,false
2023-05-06 21:36:17,2023-05-07 20:49:21,UTC-07:00,2023-05-06 21:36:17,2023-05-07 09:03:12,100,14.9,596,687,281,167,148,91,452,0,86,63,false
2023-05-05 20:51:29,2023-05-06 21:36:17,UTC-07:00,2023-05-05 20:51:29,2023-05-06 06:31:13,100,13.8,526,576,322,102,102,50,466,11,92,90,false
2023-05-04 21:09:35,2023-05-05 20:51:29,UTC-07:00,2023-05-04 21:09:35,2023-05-05 05:58:26,96,14.6,490,516,329,66,95,26,511,23,95,87,false
2023-05-03 20:56:01,2023-05-04 21:09:35,UTC-07:00,2023-05-03 20:56:01,2023-05-04 06:28:33,92,14.4,497,572,326,106,65,75,537,40,88,,false
2023-05-02 21:08:00,2023-05-03 20:56:01,UTC-07:00,2023-05-02 21:08:00,2023-05-03 05:43:44,86,14.5,484,515,403,76,5,31,563,53,95,,false
2023-05-01 21:36:47,2023-05-02 21:08:00,UTC-07:00,2023-05-01 21:36:47,2023-05-02 05:13:54,76,14.0,399,449,255,110,34,50,529,0,90,,false
2023-03-24 19:50:47,2023-03-25 21:15:54,UTC-07:00,2023-03-24 19:50:47,2023-03-25 09:42:19,100,14.7,669,832,433,123,113,163,405,0,81,,false
2023-03-23 20:43:35,2023-03-24 19:50:47,UTC-07:00,2023-03-24 11:37:38,2023-03-24 12:40:36,11,16.8,48,63,48,0,0,15,452,0,91,,true
2023-03-23 20:43:35,2023-03-24 19:50:47,UTC-07:00,2023-03-23 20:43:35,2023-03-24 07:12:19,100,14.5,502,626,267,102,133,124,438,49,80,,false
2023-03-22 22:22:25,2023-03-23 20:43:35,UTC-07:00,2023-03-23 14:17:28,2023-03-23 15:19:37,13,15.8,62,62,62,0,0,0,500,49,100,,true
2023-03-22 22:22:25,2023-03-23 20:43:35,UTC-07:00,2023-03-22 22:22:25,2023-03-23 04:37:48,78,14.5,352,375,174,106,72,23,452,0,94,,false
2023-03-17 20:22:01,2023-03-18 20:22:01,UTC-07:00,2023-03-17 20:22:01,2023-03-18 05:46:18,100,14.2,517,564,274,115,128,47,452,0,93,73,false
2023-03-16 21:06:10,2023-03-17 20:22:01,UTC-07:00,2023-03-16 21:06:10,2023-03-17 07:02:41,100,13.9,563,596,274,116,173,33,380,0,94,64,false
2023-03-15 20:29:07,2023-03-16 21:06:10,UTC-07:00,2023-03-16 13:42:31,2023-03-16 14:56:33,16,17.5,72,74,64,0,8,2,452,0,97,,true
2023-03-15 20:29:07,2023-03-16 21:06:10,UTC-07:00,2023-03-15 20:29:07,2023-03-16 06:43:23,100,15.0,519,614,277,103,139,95,497,40,84,68,false
2023-03-14 20:55:57,2023-03-15 20:29:07,UTC-07:00,2023-03-14 20:55:57,2023-03-15 04:04:42,82,14.4,394,429,151,100,143,35,483,31,92,64,false
2023-03-13 21:53:05,2023-03-14 20:55:57,UTC-07:00,2023-03-13 21:53:05,2023-03-14 04:50:46,86,14.0,390,415,264,68,58,25,453,0,94,74,false
2023-03-12 20:03:03,2023-03-13 20:53:05,UTC-08:00,2023-03-12 20:03:03,2023-03-13 05:52:20,100,14.1,516,589,353,90,73,73,456,0,87,80,false
2023-03-11 20:12:37,2023-03-12 20:03:03,UTC-08:00,2023-03-11 20:12:37,2023-03-12 06:46:36,100,14.6,580,634,316,129,135,54,456,0,91,69,false
2023-03-10 20:05:51,2023-03-11 20:12:37,UTC-08:00,2023-03-10 20:05:51,2023-03-11 07:31:15,100,15.1,597,685,403,63,131,88,387,0,87,62,false
2023-03-09 20:32:43,2023-03-10 20:05:51,UTC-08:00,2023-03-10 15:24:11,2023-03-10 16:40:36,14,17.2,63,76,56,0,7,13,450,0,83,,true
2023-03-09 20:32:43,2023-03-10 20:05:51,UTC-08:00,2023-03-09 20:32:43,2023-03-10 06:23:56,100,14.7,478,588,227,118,133,110,396,11,81,65,false
2023-03-08 19:41:08,2023-03-09 20:32:43,UTC-08:00,2023-03-09 15:25:09,2023-03-09 16:36:14,14,15.6,66,68,58,8,0,2,463,11,97,,true
2023-03-08 19:41:08,2023-03-09 20:32:43,UTC-08:00,2023-03-08 19:41:08,2023-03-09 04:10:47,96,14.4,433,510,246,112,75,77,451,0,86,78,false
2023-03-07 20:57:31,2023-03-08 19:41:08,UTC-08:00,2023-03-07 20:57:31,2023-03-08 05:06:21,100,13.9,455,489,296,78,81,34,453,2,93,84,false
2023-03-06 20:30:05,2023-03-07 20:57:31,UTC-08:00,2023-03-06 20:30:05,2023-03-07 05:23:36,99,14.0,444,518,352,70,22,74,450,0,88,86,false
2023-03-05 20:22:43,2023-03-06 20:30:05,UTC-08:00,2023-03-05 20:22:43,2023-03-06 06:38:32,100,15.0,547,615,294,97,156,68,450,0,88,80,false
2023-03-04 20:55:50,2023-03-05 20:22:43,UTC-08:00,2023-03-04 20:55:50,2023-03-05 05:43:07,100,14.2,502,527,315,114,73,25,450,0,95,80,false
2023-03-03 21:16:48,2023-03-04 20:55:50,UTC-08:00,2023-03-03 21:16:48,2023-03-04 06:32:55,100,14.2,488,553,301,111,76,65,467,17,88,78,false
2023-03-02 21:33:35,2023-03-03 21:16:48,UTC-08:00,2023-03-02 21:33:35,2023-03-03 06:00:40,94,13.7,475,494,234,92,149,19,508,58,98,78,false
2023-03-01 22:31:13,2023-03-02 21:33:35,UTC-08:00,2023-03-01 22:31:13,2023-03-02 04:52:23,74,14.1,349,381,280,52,17,32,475,24,91,72,false
2023-02-28 20:52:38,2023-03-01 22:31:13,UTC-08:00,2023-02-28 20:52:38,2023-03-01 04:24:27,89,13.5,429,445,330,42,57,16,484,33,97,77,false
2023-02-27 22:49:24,2023-02-28 20:52:38,UTC-08:00,2023-02-27 22:49:24,2023-02-28 05:45:39,85,14.0,405,416,331,57,17,11,477,25,97,69,false
2023-02-26 21:37:28,2023-02-27 22:49:24,UTC-08:00,2023-02-26 21:37:28,2023-02-27 05:21:05,91,14.3,424,463,284,83,57,35,464,0,91,,false
2023-02-25 20:16:41,2023-02-26 21:37:28,UTC-08:00,2023-02-25 20:16:41,2023-02-26 07:03:10,100,14.7,579,642,353,124,102,63,472,14,90,,false
2023-02-24 20:59:25,2023-02-25 20:16:41,UTC-08:00,2023-02-24 20:59:25,2023-02-25 06:29:57,95,14.6,508,568,294,116,98,60,535,85,89,,false
2023-02-19 19:00:02,2023-02-20 19:00:02,UTC-08:00,2023-02-20 01:51:58,2023-02-20 05:07:35,30,16.4,162,196,105,24,33,34,536,85,82,,true
2023-02-19 19:00:02,2023-02-20 19:00:02,UTC-08:00,2023-02-19 19:00:02,2023-02-19 23:45:33,62,15.1,240,285,145,53,42,45,385,0,83,49,false
2023-02-18 20:09:37,2023-02-19 19:00:02,UTC-08:00,2023-02-19 14:22:11,2023-02-19 15:36:12,15,16.7,67,74,56,11,0,7,452,0,94,,true
2023-02-18 20:09:37,2023-02-19 19:00:02,UTC-08:00,2023-02-18 20:09:37,2023-02-19 06:10:00,100,14.9,511,600,296,139,76,87,453,0,86,55,false
2023-02-17 21:36:32,2023-02-18 20:09:37,UTC-08:00,2023-02-17 21:36:32,2023-02-18 07:31:06,100,14.1,570,592,445,92,33,22,436,60,97,,false
2023-02-16 22:46:46,2023-02-17 21:36:32,UTC-08:00,2023-02-17 14:43:17,2023-02-17 16:06:48,15,16.2,74,83,74,0,0,9,511,60,96,,true
2023-02-16 22:46:46,2023-02-17 21:36:32,UTC-08:00,2023-02-16 22:46:46,2023-02-17 05:44:57,79,14.4,398,417,268,84,46,19,507,53,98,,false
2023-02-15 21:38:00,2023-02-16 22:46:46,UTC-08:00,2023-02-15 21:38:00,2023-02-16 04:34:15,76,14.4,400,416,289,43,68,16,528,0,96,,false
2022-12-08 21:09:27,2022-12-09 20:50:09,UTC-08:00,2022-12-08 21:09:27,2022-12-09 04:22:08,81,13.6,394,426,231,78,85,32,486,35,92,,false
2022-12-07 20:50:09,2022-12-08 21:09:27,UTC-08:00,2022-12-07 20:50:09,2022-12-08 04:17:10,84,14.8,407,441,272,56,79,34,484,0,92,,false
2022-09-30 21:34:07,2022-10-01 21:34:07,UTC-07:00,2022-09-30 21:34:07,2022-10-01 08:09:04,100,15.5,592,635,362,87,143,43,457,5,93,,false
2022-09-29 22:50:30,2022-09-30 21:34:07,UTC-07:00,2022-09-29 22:50:30,2022-09-30 06:58:51,98,14.1,423,485,266,88,69,62,432,69,89,,false
2022-09-28 23:04:52,2022-09-29 22:50:30,UTC-07:00,2022-09-29 14:09:57,2022-09-29 15:53:17,17,17.5,88,103,70,5,13,15,520,69,85,,true
2022-09-28 23:04:52,2022-09-29 22:50:30,UTC-07:00,2022-09-28 23:04:52,2022-09-29 05:32:17,69,14.8,336,387,270,32,34,51,485,0,90,,false
2022-08-28 21:20:23,2022-08-29 21:20:23,UTC-07:00,2022-08-28 21:20:23,2022-08-29 07:07:16,100,14.5,514,587,305,114,95,73,450,0,87,77,false
2022-08-27 22:48:18,2022-08-28 21:20:23,UTC-07:00,2022-08-27 22:48:18,2022-08-28 08:10:40,100,14.2,524,562,264,116,144,38,450,0,94,73,false
2022-08-26 22:31:55,2022-08-27 22:48:18,UTC-07:00,2022-08-26 22:31:55,2022-08-27 08:20:43,100,13.8,551,589,352,88,111,38,486,0,95,63,false
2022-08-25 21:02:22,2022-08-26 22:31:55,UTC-07:00,2022-08-25 21:02:22,2022-08-26 06:55:07,100,14.9,557,592,381,94,82,35,459,8,94,82,false
2022-08-24 21:40:46,2022-08-25 21:02:22,UTC-07:00,2022-08-24 21:40:46,2022-08-25 05:31:20,96,14.9,433,468,309,60,64,35,452,0,93,,false
2022-08-23 20:09:51,2022-08-24 21:40:46,UTC-07:00,2022-08-23 20:09:51,2022-08-24 06:29:25,100,15.7,515,619,340,85,90,104,485,0,83,,false
2022-08-22 20:54:16,2022-08-23 20:09:51,UTC-07:00,2022-08-22 20:54:16,2022-08-23 07:24:15,100,15.3,548,629,377,96,75,81,454,4,87,,false
2022-08-08 21:06:23,2022-08-09 21:06:23,UTC-04:00,2022-08-08 21:06:23,2022-08-09 05:13:46,98,14.5,440,472,288,75,77,32,449,0,93,55,false
2022-08-07 22:25:10,2022-08-08 21:06:23,UTC-04:00,2022-08-07 22:25:10,2022-08-08 06:30:09,100,14.4,454,485,274,102,78,31,450,0,94,47,false
2022-08-05 20:04:35,2022-08-07 00:00:00,UTC-04:00,2022-08-05 20:04:35,2022-08-06 07:14:37,100,14.4,587,670,379,121,87,83,449,0,89,83,false
2022-08-04 19:58:36,2022-08-05 20:04:35,UTC-04:00,2022-08-04 19:58:36,2022-08-05 07:04:00,100,14.9,606,654,417,118,71,48,451,0,92,70,false
2022-08-03 21:09:20,2022-08-04 19:58:36,UTC-04:00,2022-08-03 21:09:20,2022-08-04 07:28:25,100,14.3,519,619,349,95,75,100,451,0,83,70,false
2022-08-02 20:59:38,2022-08-03 21:09:20,UTC-04:00,2022-08-02 20:59:38,2022-08-03 06:41:42,100,14.2,529,572,398,92,39,43,491,20,93,55,false
2022-08-01 21:38:31,2022-08-02 20:59:38,UTC-04:00,2022-08-01 21:38:31,2022-08-02 05:18:02,93,14.9,418,449,326,54,38,31,450,0,95,,false
2022-07-31 22:56:54,2022-08-01 21:38:31,UTC-04:00,2022-07-31 22:56:54,2022-08-01 09:12:09,100,14.1,565,610,375,98,92,45,520,69,93,,false
2022-07-31 01:48:14,2022-07-31 22:56:54,UTC-04:00,2022-07-31 01:48:14,2022-07-31 08:07:57,69,14.2,335,374,225,81,29,39,484,0,91,,false
2022-06-07 21:46:10,2022-06-08 15:46:10,UTC-07:00,2022-06-07 21:46:10,2022-06-08 05:52:12,83,14.8,417,478,194,90,133,61,505,54,88,,false
2022-05-26 21:32:17,2022-05-27 21:32:17,UTC-07:00,2022-05-26 21:32:17,2022-05-27 05:07:28,81,14.3,405,443,310,42,53,38,501,49,91,85,false
2022-05-25 21:58:04,2022-05-26 21:32:17,UTC-07:00,2022-05-25 21:58:04,2022-05-26 05:23:35,78,14.8,385,445,226,113,46,60,496,44,86,76,false
2022-05-24 22:03:55,2022-05-25 21:58:04,UTC-07:00,2022-05-24 22:03:55,2022-05-25 05:32:55,80,13.8,394,448,237,68,89,54,492,40,90,64,false
2022-05-23 20:32:22,2022-05-24 22:03:55,UTC-07:00,2022-05-23 20:32:22,2022-05-24 05:26:09,86,15.5,460,533,279,99,82,73,538,87,86,62,false
2022-05-22 20:47:39,2022-05-23 20:32:22,UTC-07:00,2022-05-22 20:47:39,2022-05-23 03:21:17,61,15.6,275,393,160,67,48,118,451,0,70,71,false
2022-05-21 21:28:17,2022-05-22 20:47:39,UTC-07:00,2022-05-21 21:28:17,2022-05-22 08:19:09,100,14.2,602,650,381,108,113,48,459,0,92,71,false
2022-05-20 20:51:01,2022-05-21 21:28:17,UTC-07:00,2022-05-20 20:51:01,2022-05-21 08:03:14,100,14.6,548,672,378,132,38,124,486,35,81,61,false
2022-05-19 22:14:20,2022-05-20 20:51:01,UTC-07:00,2022-05-19 22:14:20,2022-05-20 05:51:53,84,13.8,411,457,244,79,88,46,490,40,92,77,false
2022-05-18 21:42:58,2022-05-19 22:14:20,UTC-07:00,2022-05-18 21:42:58,2022-05-19 04:04:26,82,13.5,370,381,216,69,85,11,450,0,97,,false
2022-05-17 20:33:13,2022-05-18 21:42:58,UTC-07:00,2022-05-17 20:33:13,2022-05-18 06:27:46,100,13.7,516,588,318,89,109,72,475,24,87,,false
2022-05-16 22:25:49,2022-05-17 20:33:13,UTC-07:00,2022-05-16 22:25:49,2022-05-17 06:00:46,89,14.3,400,454,296,52,52,54,450,0,90,,false
2022-05-08 21:34:23,2022-05-09 20:59:51,UTC-07:00,2022-05-08 21:34:23,2022-05-09 05:19:13,100,14.6,409,459,289,106,14,50,373,0,91,69,false
2022-05-07 20:59:51,2022-05-08 21:34:23,UTC-07:00,2022-05-08 14:34:08,2022-05-08 16:11:52,17,14.9,78,97,53,24,1,19,451,0,88,,true
2022-05-07 20:59:51,2022-05-08 21:34:23,UTC-07:00,2022-05-07 20:59:51,2022-05-08 06:17:02,100,14.5,483,557,273,115,95,74,450,0,86,,false
2022-05-06 21:50:43,2022-05-07 20:59:51,UTC-07:00,2022-05-06 21:50:43,2022-05-07 07:01:14,100,14.4,524,550,298,100,126,26,450,0,95,,false
2022-05-05 21:38:49,2022-05-06 21:50:43,UTC-07:00,2022-05-05 21:38:49,2022-05-06 06:13:02,100,13.8,478,506,222,101,155,28,395,0,96,,false
2022-05-05 00:00:00,2022-05-05 21:38:49,UTC-07:00,2022-05-05 13:31:20,2022-05-05 14:41:35,12,15.1,54,69,33,21,0,15,450,0,92,,true
2022-04-23 21:16:56,2022-04-24 21:16:56,UTC-07:00,2022-04-23 21:16:56,2022-04-24 06:32:02,100,13.8,509,543,342,73,94,34,485,0,93,,false
2022-04-08 19:51:51,2022-04-09 19:51:51,UTC-07:00,2022-04-09 12:27:06,2022-04-09 16:22:07,50,15.7,223,235,196,20,7,12,450,0,95,,true
2022-04-08 19:51:51,2022-04-09 19:51:51,UTC-07:00,2022-04-08 19:51:51,2022-04-09 11:09:28,100,15.4,748,918,496,184,68,170,556,105,81,,false
2022-04-06 01:03:51,2022-04-06 21:18:42,UTC-07:00,2022-04-06 01:03:51,2022-04-06 05:40:41,53,14.2,255,263,133,50,72,8,480,29,97,47,false
2022-04-04 21:18:42,2022-04-06 01:03:51,UTC-07:00,2022-04-04 21:18:42,2022-04-05 04:07:53,87,14.3,389,409,291,57,41,20,450,0,95,77,false
2022-04-03 21:26:39,2022-04-04 21:18:42,UTC-07:00,2022-04-03 21:26:39,2022-04-04 06:42:55,100,15.1,484,555,314,79,91,71,467,17,88,63,false
2022-04-02 23:54:49,2022-04-03 21:26:39,UTC-07:00,2022-04-02 23:54:49,2022-04-03 08:20:38,94,14.1,473,501,365,61,47,28,502,29,95,65,false
2022-04-01 21:56:55,2022-04-02 23:54:49,UTC-07:00,2022-04-01 21:56:55,2022-04-02 06:14:58,87,14.6,464,498,247,57,160,34,537,31,95,86,false
2022-03-31 23:04:24,2022-04-01 21:56:55,UTC-07:00,2022-03-31 23:04:24,2022-04-01 06:36:13,86,14.5,395,452,267,67,61,57,457,5,87,83,false
2022-03-30 22:41:06,2022-03-31 23:04:24,UTC-07:00,2022-03-30 22:41:06,2022-03-31 06:47:06,98,14.1,445,485,325,66,54,40,453,5,91,81,false
2022-03-29 22:10:28,2022-03-30 22:41:06,UTC-07:00,2022-03-29 22:10:28,2022-03-30 07:03:19,98,13.9,467,527,275,82,110,60,479,29,89,77,false
2022-03-28 22:18:54,2022-03-29 22:10:28,UTC-07:00,2022-03-28 22:18:54,2022-03-29 05:37:49,87,15.4,395,437,304,67,24,42,451,0,92,76,false
2022-03-27 19:53:51,2022-03-28 22:18:54,UTC-07:00,2022-03-27 19:53:51,2022-03-28 07:20:33,100,15.3,555,684,365,123,67,129,450,0,81,64,false
2022-03-26 22:36:20,2022-03-27 19:53:51,UTC-07:00,2022-03-26 22:36:20,2022-03-27 07:09:23,100,14.3,422,510,166,125,131,88,388,0,83,68,false
2022-03-25 22:49:45,2022-03-26 22:36:20,UTC-07:00,2022-03-26 13:48:36,2022-03-26 14:55:29,14,17.8,62,67,55,0,7,5,450,0,97,,true
2022-03-25 22:49:45,2022-03-26 22:36:20,UTC-07:00,2022-03-25 22:49:45,2022-03-26 07:30:36,100,13.8,495,520,336,57,102,25,450,0,96,70,false
2022-03-24 21:16:19,2022-03-25 22:49:45,UTC-07:00,2022-03-24 21:16:19,2022-03-25 06:21:02,100,14.6,483,541,314,86,83,58,449,0,90,,false
2022-03-23 20:52:32,2022-03-24 21:16:19,UTC-07:00,2022-03-23 20:52:32,2022-03-24 06:18:01,100,15.7,488,554,275,86,127,66,448,0,87,,false
2022-03-22 21:56:11,2022-03-23 20:52:32,UTC-07:00,2022-03-22 21:56:11,2022-03-23 06:42:55,100,14.8,507,523,415,50,42,16,481,33,96,,false
2022-03-07 21:34:17,2022-03-09 11:56:18,UTC-08:00,2022-03-07 21:34:17,2022-03-08 05:51:32,85,15.2,395,497,132,113,150,102,467,17,79,75,false
2022-03-06 21:59:06,2022-03-07 21:34:17,UTC-08:00,2022-03-06 21:59:06,2022-03-07 05:06:48,94,15.6,388,424,205,100,83,36,411,23,94,70,false
2022-03-05 21:46:06,2022-03-06 21:59:06,UTC-08:00,2022-03-06 12:55:49,2022-03-06 14:06:42,13,16.6,61,71,61,0,0,10,472,23,86,,true
2022-03-05 21:46:06,2022-03-06 21:59:06,UTC-08:00,2022-03-05 21:46:06,2022-03-06 06:34:43,92,15.2,480,525,385,68,27,45,520,0,91,,false
2022-03-04 20:50:48,2022-03-05 21:46:06,UTC-08:00,2022-03-04 20:50:48,2022-03-05 07:30:45,100,14.8,553,640,283,118,152,87,508,57,86,,false
2022-03-03 22:36:01,2022-03-04 20:50:48,UTC-08:00,2022-03-03 22:36:01,2022-03-04 06:21:15,80,14.9,422,465,274,64,84,43,526,48,92,,false
2022-02-28 21:42:27,2022-03-01 21:42:27,UTC-08:00,2022-02-28 21:42:27,2022-03-01 06:17:00,83,14.3,474,514,305,119,50,40,568,118,92,64,false
2022-02-28 00:35:14,2022-02-28 21:42:27,UTC-08:00,2022-02-28 00:35:14,2022-02-28 04:53:25,47,14.8,235,258,167,68,0,23,502,51,94,74,false
2022-02-26 23:36:35,2022-02-28 00:35:14,UTC-08:00,2022-02-26 23:36:35,2022-02-27 07:14:12,77,14.7,402,457,211,80,111,55,524,5,87,78,false
2022-02-25 21:10:54,2022-02-26 23:36:35,UTC-08:00,2022-02-25 21:10:54,2022-02-26 07:07:46,98,14.2,508,593,425,63,20,85,520,69,85,69,false
2022-02-24 23:39:01,2022-02-25 21:10:54,UTC-08:00,2022-02-24 23:39:01,2022-02-25 06:42:53,69,15.3,359,413,135,100,124,54,518,67,87,75,false
2022-02-23 23:55:47,2022-02-24 23:39:01,UTC-08:00,2022-02-23 23:55:47,2022-02-24 06:19:39,70,14.1,355,383,210,101,44,28,508,31,92,65,false
2022-02-22 21:12:59,2022-02-23 23:55:47,UTC-08:00,2022-02-22 21:12:59,2022-02-23 05:43:23,89,15.1,450,510,279,73,98,60,506,56,88,73,false
2022-02-21 21:34:34,2022-02-22 21:12:59,UTC-08:00,2022-02-21 21:34:34,2022-02-22 05:03:43,75,14.2,393,443,270,85,38,50,523,71,91,66,false
2022-02-20 22:47:18,2022-02-21 21:34:34,UTC-08:00,2022-02-20 22:47:18,2022-02-21 04:56:04,68,14.4,346,368,251,54,41,22,509,44,93,79,false
2022-02-19 22:43:03,2022-02-20 22:47:18,UTC-08:00,2022-02-19 22:43:03,2022-02-20 06:29:52,80,14.3,440,466,317,75,48,26,548,47,94,68,false
2022-02-19 00:14:17,2022-02-19 22:43:03,UTC-08:00,2022-02-19 00:14:17,2022-02-19 07:36:19,79,14.3,419,432,219,155,45,13,533,42,96,56,false
2022-02-17 22:10:22,2022-02-19 00:14:17,UTC-08:00,2022-02-17 22:10:22,2022-02-18 05:55:59,81,14.5,407,465,232,101,74,58,502,44,87,76,false
2022-02-16 21:08:28,2022-02-17 22:10:22,UTC-08:00,2022-02-16 21:08:28,2022-02-17 04:34:41,80,14.4,417,443,330,45,42,26,518,31,95,71,false
2022-02-15 21:46:35,2022-02-16 21:08:28,UTC-08:00,2022-02-15 21:46:35,2022-02-16 06:14:15,89,14.6,444,508,314,70,60,64,497,47,87,71,false
2022-02-14 22:57:09,2022-02-15 21:46:35,UTC-08:00,2022-02-14 22:57:09,2022-02-15 06:51:46,79,14.1,444,467,288,69,87,23,564,71,95,72,false
2022-02-13 22:36:47,2022-02-14 22:57:09,UTC-08:00,2022-02-13 22:36:47,2022-02-14 04:41:55,68,13.9,334,365,253,40,41,31,495,20,91,76,false
2022-02-12 23:13:35,2022-02-13 22:36:47,UTC-08:00,2022-02-12 23:13:35,2022-02-13 07:59:12,93,14.3,452,526,337,69,46,74,484,0,87,69,false
2022-02-11 22:13:05,2022-02-12 23:13:35,UTC-08:00,2022-02-11 22:13:05,2022-02-12 08:05:00,100,14.1,557,591,402,116,39,34,489,51,94,57,false
2022-02-10 22:33:21,2022-02-11 22:13:05,UTC-08:00,2022-02-11 17:50:03,2022-02-11 19:12:22,11,17.8,57,82,49,4,4,25,547,51,70,,true
2022-02-10 22:33:21,2022-02-11 22:13:05,UTC-08:00,2022-02-10 22:33:21,2022-02-11 06:11:39,77,14.4,412,454,298,95,19,42,536,35,90,80,false
2022-02-09 22:49:27,2022-02-10 22:33:21,UTC-08:00,2022-02-09 22:49:27,2022-02-10 05:26:50,84,14.3,379,397,273,83,23,18,450,0,96,73,false
2022-02-08 22:10:41,2022-02-09 22:49:27,UTC-08:00,2022-02-08 22:10:41,2022-02-09 06:45:00,100,14.4,461,514,308,109,44,53,419,31,89,68,false
2022-02-07 21:46:56,2022-02-08 22:10:41,UTC-08:00,2022-02-08 12:54:26,2022-02-08 14:00:58,13,15.8,63,67,63,0,0,2,481,31,94,,true
2022-02-07 21:46:56,2022-02-08 22:10:41,UTC-08:00,2022-02-07 21:46:56,2022-02-08 05:50:45,89,14.5,431,483,273,94,64,52,484,0,89,77,false
2022-02-06 21:43:27,2022-02-07 21:46:56,UTC-08:00,2022-02-06 21:43:27,2022-02-07 06:15:33,100,14.3,465,506,351,80,34,41,450,0,92,64,false
2022-02-05 21:00:55,2022-02-06 21:43:27,UTC-08:00,2022-02-05 21:00:55,2022-02-06 08:28:25,100,14.0,596,677,434,102,60,81,504,53,88,58,false
2022-02-04 23:46:47,2022-02-05 21:00:55,UTC-08:00,2022-02-04 23:46:47,2022-02-05 06:59:12,76,13.9,409,429,265,66,78,20,540,65,95,80,false
2022-02-03 23:32:03,2022-02-04 23:46:47,UTC-08:00,2022-02-03 23:32:03,2022-02-04 06:09:57,71,14.0,364,397,257,64,43,33,510,40,91,79,false
2022-02-02 22:15:45,2022-02-03 23:32:03,UTC-08:00,2022-02-02 22:15:45,2022-02-03 06:30:28,86,14.3,459,492,319,67,73,33,534,43,93,78,false
2022-02-01 21:57:36,2022-02-02 22:15:45,UTC-08:00,2022-02-01 21:57:36,2022-02-02 06:10:33,85,14.3,458,493,343,67,48,35,541,89,92,69,false
2022-02-01 00:10:54,2022-02-01 21:57:36,UTC-08:00,2022-02-01 00:10:54,2022-02-01 05:32:45,60,13.4,301,317,216,69,16,16,503,17,95,72,false
2022-01-30 20:33:35,2022-02-01 00:10:54,UTC-08:00,2022-01-30 20:33:35,2022-01-31 06:18:11,94,14.6,495,581,302,109,84,86,527,76,85,59,false
2022-01-30 00:23:59,2022-01-30 20:33:35,UTC-08:00,2022-01-30 00:23:59,2022-01-30 06:29:54,66,13.9,348,365,220,60,68,17,527,31,95,73,false
2022-01-28 23:52:43,2022-01-30 00:23:59,UTC-08:00,2022-01-28 23:52:43,2022-01-29 07:48:37,86,14.0,419,475,284,91,44,56,488,20,88,75,false
2022-01-27 21:45:55,2022-01-28 23:52:43,UTC-08:00,2022-01-27 21:45:55,2022-01-28 06:29:46,93,14.1,480,523,341,97,42,36,518,35,92,80,false
2022-01-26 23:41:41,2022-01-27 21:45:55,UTC-08:00,2022-01-26 23:41:41,2022-01-27 07:04:34,84,14.2,420,439,257,72,91,19,502,17,95,84,false
2022-01-25 22:24:57,2022-01-26 23:41:41,UTC-08:00,2022-01-25 22:24:57,2022-01-26 07:04:19,92,14.2,437,519,281,91,65,82,477,26,84,82,false
2022-01-24 23:31:30,2022-01-25 22:24:57,UTC-08:00,2022-01-24 23:31:30,2022-01-25 07:11:57,88,14.1,435,460,305,54,76,25,492,8,95,82,false
2022-01-23 22:50:02,2022-01-24 23:31:30,UTC-08:00,2022-01-23 22:50:02,2022-01-24 07:03:56,97,14.2,437,494,343,75,19,57,448,0,88,78,false
2022-01-22 23:13:49,2022-01-23 22:50:02,UTC-08:00,2022-01-22 23:13:49,2022-01-23 08:52:20,100,14.1,512,570,364,93,55,58,469,0,92,79,false
2022-01-21 22:49:21,2022-01-22 23:13:49,UTC-08:00,2022-01-21 22:49:21,2022-01-22 07:50:26,100,14.5,508,538,324,90,94,30,496,44,94,82,false
2022-01-20 23:18:05,2022-01-21 22:49:21,UTC-08:00,2022-01-20 23:18:05,2022-01-21 07:01:13,80,14.1,438,456,305,87,46,18,544,56,95,90,false
2022-01-19 23:39:17,2022-01-20 23:18:05,UTC-08:00,2022-01-19 23:39:17,2022-01-20 06:58:29,75,14.6,384,426,261,94,29,42,514,26,91,81,false
2022-01-18 22:55:03,2022-01-19 23:39:17,UTC-08:00,2022-01-18 22:55:03,2022-01-19 06:26:09,88,14.3,399,443,297,80,22,44,453,2,90,80,false
2022-01-17 22:14:28,2022-01-18 22:55:03,UTC-08:00,2022-01-17 22:14:28,2022-01-18 06:45:39,99,14.7,454,511,312,90,52,57,457,5,90,76,false
2022-01-16 22:23:40,2022-01-17 22:14:28,UTC-08:00,2022-01-16 22:23:40,2022-01-17 06:42:11,98,15.2,464,498,285,105,74,34,474,0,93,69,false
2022-01-15 23:53:32,2022-01-16 22:23:40,UTC-08:00,2022-01-15 23:53:32,2022-01-16 06:11:10,100,14.9,341,377,235,64,42,36,311,0,92,48,false
2022-01-14 21:46:02,2022-01-15 23:53:32,UTC-08:00,2022-01-15 12:33:00,2022-01-15 15:50:00,39,15.6,175,197,126,49,0,22,448,0,89,,true
2022-01-14 21:46:02,2022-01-15 23:53:32,UTC-08:00,2022-01-14 21:46:02,2022-01-15 07:09:40,100,14.4,479,564,298,80,101,85,479,22,87,79,false
2022-01-13 22:58:49,2022-01-14 21:46:02,UTC-08:00,2022-01-13 22:58:49,2022-01-14 06:40:46,90,14.7,431,459,292,79,60,28,478,8,93,81,false
2022-01-12 22:26:02,2022-01-13 22:58:49,UTC-08:00,2022-01-12 22:26:02,2022-01-13 06:42:07,96,14.0,467,496,301,80,86,29,486,20,94,79,false
2022-01-12 00:03:39,2022-01-12 22:26:02,UTC-08:00,2022-01-12 00:03:39,2022-01-12 07:44:24,91,14.7,416,455,171,82,163,39,456,5,91,67,false
2022-01-10 21:22:52,2022-01-12 00:03:39,UTC-08:00,2022-01-10 21:22:52,2022-01-11 06:51:15,98,14.8,487,556,304,103,80,69,498,6,87,78,false
2022-01-09 22:26:32,2022-01-10 21:22:52,UTC-08:00,2022-01-09 22:26:32,2022-01-10 07:02:10,97,14.6,435,514,240,95,100,79,451,0,85,76,false
2022-01-08 21:03:54,2022-01-09 22:26:32,UTC-08:00,2022-01-08 21:03:54,2022-01-09 08:00:52,100,14.8,541,637,301,133,107,96,449,0,84,66,false
2022-01-07 23:05:41,2022-01-08 21:03:54,UTC-08:00,2022-01-07 23:05:41,2022-01-08 08:08:31,100,14.9,502,542,342,120,40,40,462,0,92,59,false
2022-01-06 21:56:07,2022-01-07 23:05:41,UTC-08:00,2022-01-06 21:56:07,2022-01-07 07:07:04,100,15.1,488,551,369,89,30,63,482,0,89,57,false
2022-01-05 18:50:18,2022-01-06 21:56:07,UTC-08:00,2022-01-05 18:50:18,2022-01-06 08:36:21,100,0.0,823,826,823,0,0,3,234,0,99,26,false
2022-01-04 22:30:11,2022-01-05 18:50:18,UTC-08:00,2022-01-05 12:02:58,2022-01-05 16:00:10,52,16.9,235,237,235,0,0,2,452,0,99,,true
2022-01-04 22:30:11,2022-01-05 18:50:18,UTC-08:00,2022-01-04 22:30:11,2022-01-05 07:29:21,100,14.4,469,539,281,94,94,70,451,0,86,86,false
2022-01-03 22:32:41,2022-01-04 22:30:11,UTC-08:00,2022-01-03 22:32:41,2022-01-04 08:09:17,100,14.9,531,573,370,113,48,42,496,0,93,82,false
2022-01-02 21:40:38,2022-01-03 22:32:41,UTC-08:00,2022-01-02 21:40:38,2022-01-03 07:47:36,100,15.0,520,607,350,140,30,87,506,56,86,76,false
2022-01-02 00:09:40,2022-01-02 21:40:38,UTC-08:00,2022-01-02 00:09:40,2022-01-02 07:26:54,75,14.6,384,437,255,54,75,53,509,13,87,77,false
2021-12-31 23:23:01,2022-01-02 00:09:40,UTC-08:00,2021-12-31 23:23:01,2022-01-01 07:36:46,94,14.7,457,494,301,80,76,37,485,0,92,80,false
2021-12-30 21:55:33,2021-12-31 23:23:01,UTC-08:00,2021-12-30 21:55:33,2021-12-31 08:22:12,100,14.5,522,615,277,168,77,93,468,15,84,85,false
2021-12-29 22:19:49,2021-12-30 21:55:33,UTC-08:00,2021-12-29 22:19:49,2021-12-30 07:18:18,93,14.6,464,532,333,101,30,68,500,8,89,86,false
2021-12-28 23:32:40,2021-12-29 22:19:49,UTC-08:00,2021-12-28 23:32:40,2021-12-29 08:07:03,97,14.9,436,511,339,85,12,75,451,0,85,77,false
2021-12-27 22:02:56,2021-12-28 23:32:40,UTC-08:00,2021-12-27 22:02:56,2021-12-28 08:14:14,100,14.2,533,611,346,116,71,78,476,0,87,83,false
2021-12-26 22:04:49,2021-12-27 22:02:56,UTC-08:00,2021-12-26 22:04:49,2021-12-27 07:09:34,100,14.8,498,544,330,75,93,46,486,0,93,86,false
2021-12-25 22:12:36,2021-12-26 22:04:49,UTC-08:00,2021-12-25 22:12:36,2021-12-26 07:36:10,100,15.0,534,563,388,71,75,29,500,49,94,83,false
2021-12-25 00:05:12,2021-12-25 22:12:36,UTC-08:00,2021-12-25 00:05:12,2021-12-25 07:16:44,78,14.6,375,431,244,94,37,56,482,0,89,76,false
2021-12-23 21:50:02,2021-12-25 00:05:12,UTC-08:00,2021-12-23 21:50:02,2021-12-24 07:18:00,100,14.2,500,556,274,128,98,56,490,13,90,89,false
2021-12-22 22:52:29,2021-12-23 21:50:02,UTC-08:00,2021-12-22 22:52:29,2021-12-23 07:16:10,94,14.8,452,501,351,70,31,49,480,0,92,83,false
2021-12-21 21:43:44,2021-12-22 22:52:29,UTC-08:00,2021-12-21 21:43:44,2021-12-22 07:14:40,100,14.2,518,538,294,156,68,20,480,29,96,86,false
2021-12-20 22:33:39,2021-12-21 21:43:44,UTC-08:00,2021-12-20 22:33:39,2021-12-21 07:14:46,87,14.7,423,521,213,127,83,98,488,0,83,82,false
2021-12-19 21:36:38,2021-12-20 22:33:39,UTC-08:00,2021-12-19 21:36:38,2021-12-20 08:07:51,100,14.4,564,631,327,117,120,67,477,0,90,86,false
2021-12-18 21:24:55,2021-12-19 21:36:38,UTC-08:00,2021-12-18 21:24:55,2021-12-19 08:02:19,100,14.7,562,637,362,82,118,75,506,0,88,77,false
2021-12-17 21:52:04,2021-12-18 21:24:55,UTC-08:00,2021-12-17 21:52:04,2021-12-18 07:10:27,100,14.5,494,537,340,97,57,43,487,6,94,,false
2021-12-16 22:28:51,2021-12-17 21:52:04,UTC-08:00,2021-12-16 22:28:51,2021-12-17 06:52:05,97,14.4,478,501,318,79,81,23,492,13,95,,false
2021-12-15 23:17:58,2021-12-16 22:28:51,UTC-08:00,2021-12-15 23:17:58,2021-12-16 07:17:57,94,14.4,423,480,286,85,52,57,448,0,90,,false
2021-12-04 21:59:50,2021-12-05 20:59:11,UTC-08:00,2021-12-04 21:59:50,2021-12-05 06:52:34,100,15.3,500,533,300,110,90,33,450,0,94,83,false
2021-12-03 20:59:11,2021-12-04 21:59:50,UTC-08:00,2021-12-03 20:59:11,2021-12-04 06:21:57,100,14.8,484,562,311,101,72,78,451,0,86,89,false
2021-12-02 20:49:09,2021-12-03 20:59:11,UTC-08:00,2021-12-02 20:49:09,2021-12-03 06:14:05,100,14.6,515,564,365,91,59,49,452,2,91,,false
2021-12-01 21:10:33,2021-12-02 20:49:09,UTC-08:00,2021-12-01 21:10:33,2021-12-02 07:02:45,99,14.9,496,575,340,83,73,79,502,51,87,,false
2021-11-30 21:39:09,2021-12-01 21:10:33,UTC-08:00,2021-11-30 21:39:09,2021-12-01 06:57:59,82,15.1,474,554,246,104,124,80,576,127,87,,false
2021-11-21 20:29:33,2021-11-22 20:29:33,UTC-08:00,2021-11-22 03:37:23,2021-11-22 06:23:36,27,16.2,156,163,111,38,7,7,578,127,95,,true
2021-11-21 20:29:33,2021-11-22 20:29:33,UTC-08:00,2021-11-21 20:29:33,2021-11-22 00:46:20,43,17.1,192,256,89,44,59,64,452,0,75,44,false
2021-11-20 21:28:28,2021-11-21 20:29:33,UTC-08:00,2021-11-20 21:28:28,2021-11-21 10:58:00,100,16.2,601,809,389,132,80,208,450,0,74,50,false
2021-11-19 21:03:16,2021-11-20 21:28:28,UTC-08:00,2021-11-19 21:03:16,2021-11-20 06:37:29,100,15.2,542,573,322,118,102,31,450,0,94,,false
2021-11-18 20:47:29,2021-11-19 21:03:16,UTC-08:00,2021-11-18 20:47:29,2021-11-19 06:16:06,100,16.1,477,565,226,92,159,88,453,2,84,,false
2021-11-17 22:02:35,2021-11-18 20:47:29,UTC-08:00,2021-11-17 22:02:35,2021-11-18 06:58:44,99,15.5,476,536,274,113,89,60,483,0,89,,false
2021-10-28 22:17:04,2021-10-29 22:17:04,UTC-07:00,2021-10-28 22:17:04,2021-10-29 06:49:37,94,15.4,477,512,377,80,20,35,509,58,95,78,false
2021-10-27 23:42:07,2021-10-28 22:17:04,UTC-07:00,2021-10-27 23:42:07,2021-10-28 07:22:33,74,15.1,408,460,164,99,145,52,549,73,89,78,false
2021-10-26 23:50:15,2021-10-27 23:42:07,UTC-07:00,2021-10-26 23:50:15,2021-10-27 05:41:19,67,16.1,331,351,260,65,6,20,493,5,94,74,false
2021-10-25 22:01:44,2021-10-26 23:50:15,UTC-07:00,2021-10-25 22:01:44,2021-10-26 07:22:11,98,16.1,472,557,267,108,97,85,484,35,85,73,false
2021-10-24 22:50:11,2021-10-25 22:01:44,UTC-07:00,2021-10-24 22:50:11,2021-10-25 06:30:42,84,17.1,432,460,267,90,75,28,516,47,94,74,false
2021-10-24 00:58:27,2021-10-24 22:50:11,UTC-07:00,2021-10-24 00:58:27,2021-10-24 07:14:49,79,15.8,333,376,236,60,37,43,420,5,91,56,false
2021-10-22 21:20:21,2021-10-24 00:58:27,UTC-07:00,2021-10-23 14:58:10,2021-10-23 16:29:37,16,16.3,75,75,65,10,0,0,455,5,100,,true
2021-10-22 21:20:21,2021-10-24 00:58:27,UTC-07:00,2021-10-22 21:20:21,2021-10-23 07:17:51,98,15.5,517,596,296,88,133,79,527,33,87,75,false
2021-10-21 23:25:38,2021-10-22 21:20:21,UTC-07:00,2021-10-21 23:25:38,2021-10-22 07:14:46,85,15.1,439,469,291,65,83,30,514,31,95,88,false
2021-10-20 23:40:58,2021-10-21 23:25:38,UTC-07:00,2021-10-20 23:40:58,2021-10-21 07:27:24,86,15.2,418,451,195,78,145,33,486,11,95,79,false
2021-10-19 22:42:22,2021-10-20 23:40:58,UTC-07:00,2021-10-19 22:42:22,2021-10-20 07:42:26,96,15.3,464,527,272,86,106,63,484,0,88,83,false
2021-10-18 21:33:55,2021-10-19 22:42:22,UTC-07:00,2021-10-18 21:33:55,2021-10-19 07:34:06,100,15.7,532,598,299,84,149,66,478,29,89,81,false
2021-10-17 22:13:46,2021-10-18 21:33:55,UTC-07:00,2021-10-17 22:13:46,2021-10-18 07:19:14,87,16.0,493,540,302,110,81,47,565,67,93,79,false
2021-10-17 00:00:21,2021-10-17 22:13:46,UTC-07:00,2021-10-17 00:00:21,2021-10-17 05:59:25,70,16.1,350,359,210,94,46,9,501,0,98,69,false
2021-10-15 21:29:21,2021-10-17 00:00:21,UTC-07:00,2021-10-15 21:29:21,2021-10-16 07:28:09,100,15.4,552,599,395,121,36,47,478,0,92,91,false
2021-10-14 21:54:18,2021-10-15 21:29:21,UTC-07:00,2021-10-14 21:54:18,2021-10-15 07:24:02,100,15.4,524,550,355,110,59,26,505,17,95,88,false
2021-10-13 21:37:40,2021-10-14 21:54:18,UTC-07:00,2021-10-13 21:37:40,2021-10-14 06:27:00,94,15.4,454,529,280,109,65,75,485,0,87,84,false
2021-10-12 21:24:50,2021-10-13 21:37:40,UTC-07:00,2021-10-12 21:24:50,2021-10-13 07:19:27,100,15.5,487,594,361,55,71,107,485,33,82,72,false
2021-10-11 22:24:32,2021-10-12 21:24:50,UTC-07:00,2021-10-11 22:24:32,2021-10-12 07:11:32,85,14.8,489,522,267,108,114,33,572,56,95,74,false
2021-10-10 23:49:11,2021-10-11 22:24:32,UTC-07:00,2021-10-10 23:49:11,2021-10-11 07:19:04,75,15.1,415,446,294,95,26,31,556,73,93,79,false
2021-10-10 01:08:05,2021-10-10 23:49:11,UTC-07:00,2021-10-10 01:08:05,2021-10-10 07:08:33,67,15.2,337,354,212,70,55,17,506,22,95,62,false
2021-10-09 00:23:46,2021-10-10 01:08:05,UTC-07:00,2021-10-09 00:23:46,2021-10-09 08:04:04,90,16.2,454,460,263,98,93,6,507,29,98,58,false
2021-10-07 22:16:52,2021-10-09 00:23:46,UTC-07:00,2021-10-07 22:16:52,2021-10-08 06:13:25,87,14.5,420,471,242,131,47,51,484,0,92,83,false
2021-10-06 21:41:04,2021-10-07 22:16:52,UTC-07:00,2021-10-06 21:41:04,2021-10-07 07:17:52,100,15.1,541,573,279,167,95,32,501,0,94,87,false
2021-10-05 21:10:27,2021-10-06 21:41:04,UTC-07:00,2021-10-05 21:10:27,2021-10-06 06:41:10,100,15.2,483,568,318,104,61,85,464,13,85,85,false
2021-10-04 21:50:44,2021-10-05 21:10:27,UTC-07:00,2021-10-04 21:50:44,2021-10-05 06:27:17,94,15.4,445,508,334,66,45,63,474,0,88,87,false
2021-10-03 20:26:27,2021-10-04 21:50:44,UTC-07:00,2021-10-03 20:26:27,2021-10-04 07:22:02,100,15.5,597,653,399,73,125,56,495,5,91,77,false
2021-10-02 21:54:18,2021-10-03 20:26:27,UTC-07:00,2021-10-02 21:54:18,2021-10-03 07:10:51,98,14.9,483,557,266,93,124,74,492,0,87,90,false
2021-10-01 21:47:21,2021-10-02 21:54:18,UTC-07:00,2021-10-01 21:47:21,2021-10-02 06:49:51,100,14.8,530,542,296,117,117,12,500,0,97,86,false
2021-09-30 22:07:38,2021-10-01 21:47:21,UTC-07:00,2021-09-30 22:07:38,2021-10-01 06:38:45,100,14.6,484,511,281,115,88,27,478,5,95,87,false
2021-09-29 22:41:22,2021-09-30 22:07:38,UTC-07:00,2021-09-29 22:41:22,2021-09-30 07:26:56,98,14.5,487,526,283,117,87,39,496,0,94,80,false
2021-09-28 21:43:38,2021-09-29 22:41:22,UTC-07:00,2021-09-28 21:43:38,2021-09-29 07:43:35,100,14.3,551,583,305,163,83,32,492,38,96,83,false
2021-09-27 21:55:47,2021-09-28 21:43:38,UTC-07:00,2021-09-27 21:55:47,2021-09-28 05:46:01,83,14.8,399,470,210,109,80,71,479,0,87,89,false
2021-09-26 22:30:53,2021-09-27 21:55:47,UTC-07:00,2021-09-26 22:30:53,2021-09-27 07:11:18,100,14.9,488,517,322,95,71,29,487,2,95,87,false
2021-09-25 20:57:01,2021-09-26 22:30:53,UTC-07:00,2021-09-25 20:57:01,2021-09-26 07:00:54,99,15.2,494,603,266,116,112,109,497,0,82,80,false
2021-09-24 22:18:32,2021-09-25 20:57:01,UTC-07:00,2021-09-24 22:18:32,2021-09-25 07:36:13,100,14.8,514,555,320,98,96,41,480,5,93,89,false
2021-09-23 22:16:10,2021-09-24 22:18:32,UTC-07:00,2021-09-23 22:16:10,2021-09-24 07:11:56,98,15.1,480,535,274,114,92,55,487,11,89,89,false
2021-09-22 22:08:15,2021-09-23 22:16:10,UTC-07:00,2021-09-22 22:08:15,2021-09-23 07:12:15,96,14.9,471,544,334,68,69,73,491,0,88,84,false
2021-09-21 20:48:12,2021-09-22 22:08:15,UTC-07:00,2021-09-21 20:48:12,2021-09-22 06:51:05,100,15.6,515,602,332,131,52,87,483,31,86,79,false
2021-09-20 22:13:22,2021-09-21 20:48:12,UTC-07:00,2021-09-20 22:13:22,2021-09-21 06:26:43,86,14.4,413,492,271,103,39,79,483,0,83,86,false
2021-09-19 21:35:30,2021-09-20 22:13:22,UTC-07:00,2021-09-19 21:35:30,2021-09-20 07:09:06,100,14.1,507,550,267,147,93,43,483,0,92,87,false
2021-09-18 21:26:10,2021-09-19 21:35:30,UTC-07:00,2021-09-18 21:26:10,2021-09-19 07:39:58,100,15.0,500,613,264,126,110,113,450,0,81,81,false
2021-09-17 21:48:35,2021-09-18 21:26:10,UTC-07:00,2021-09-17 21:48:35,2021-09-18 07:45:05,100,14.3,534,595,329,120,85,61,480,31,91,74,false
2021-09-16 22:53:05,2021-09-17 21:48:35,UTC-07:00,2021-09-16 22:53:05,2021-09-17 06:40:05,89,14.5,424,467,297,87,40,43,477,0,90,80,false
2021-09-15 20:45:53,2021-09-16 22:53:05,UTC-07:00,2021-09-15 20:45:53,2021-09-16 06:58:00,100,15.0,549,612,296,176,77,63,549,58,90,74,false
2021-09-15 00:13:18,2021-09-15 20:45:53,UTC-07:00,2021-09-15 00:13:18,2021-09-15 06:40:52,74,14.9,339,380,229,80,30,41,459,8,90,71,false
2021-09-13 22:12:30,2021-09-15 00:13:18,UTC-07:00,2021-09-13 22:12:30,2021-09-14 06:51:53,97,15.0,487,519,359,96,32,32,502,14,95,90,false
2021-09-12 21:44:52,2021-09-13 22:12:30,UTC-07:00,2021-09-12 21:44:52,2021-09-13 07:02:00,95,14.4,495,557,347,107,41,62,521,37,89,87,false
2021-09-11 21:31:58,2021-09-12 21:44:52,UTC-07:00,2021-09-11 21:31:58,2021-09-12 06:38:09,87,15.0,467,545,244,134,89,78,534,40,85,84,false
2021-09-10 22:22:32,2021-09-11 21:31:58,UTC-07:00,2021-09-10 22:22:32,2021-09-11 06:20:28,86,14.6,438,463,291,101,46,25,509,31,95,82,false
2021-09-09 22:19:39,2021-09-10 22:22:32,UTC-07:00,2021-09-09 22:19:39,2021-09-10 07:00:23,89,14.3,479,520,326,109,44,41,540,60,92,79,false
2021-09-08 22:10:12,2021-09-09 22:19:39,UTC-07:00,2021-09-08 22:10:12,2021-09-09 04:57:49,73,14.8,380,408,235,73,72,28,523,31,93,86,false
2021-09-07 21:29:03,2021-09-08 22:10:12,UTC-07:00,2021-09-07 21:29:03,2021-09-08 06:25:02,89,14.6,476,517,319,104,53,41,535,60,93,79,false
2021-09-06 22:16:05,2021-09-07 21:29:03,UTC-07:00,2021-09-06 22:16:05,2021-09-07 05:03:28,73,14.5,381,407,250,94,37,26,524,29,96,87,false
2021-09-05 22:10:45,2021-09-06 22:16:05,UTC-07:00,2021-09-05 22:10:45,2021-09-06 06:12:23,87,14.8,440,476,285,98,57,36,508,26,92,86,false
2021-09-04 22:50:08,2021-09-05 22:10:45,UTC-07:00,2021-09-04 22:50:08,2021-09-05 06:38:47,88,14.3,446,468,289,99,58,22,508,0,95,77,false
2021-09-03 21:38:30,2021-09-04 22:50:08,UTC-07:00,2021-09-03 21:38:30,2021-09-04 07:29:51,100,14.9,528,591,298,155,75,63,525,29,89,78,false
2021-09-02 22:00:46,2021-09-03 21:38:30,UTC-07:00,2021-09-02 22:00:46,2021-09-03 06:31:06,87,14.8,477,505,294,93,90,28,546,76,94,75,false
2021-09-02 00:46:19,2021-09-02 22:00:46,UTC-07:00,2021-09-02 00:46:19,2021-09-02 06:42:19,66,14.6,319,350,149,76,94,31,486,0,91,62,false
2021-08-31 21:28:23,2021-09-02 00:46:19,UTC-07:00,2021-08-31 21:28:23,2021-09-01 07:10:57,100,14.7,532,582,372,94,66,50,450,0,93,85,false
2021-08-30 21:17:06,2021-08-31 21:28:23,UTC-07:00,2021-08-30 21:17:06,2021-08-31 07:39:12,100,14.8,543,612,298,160,85,69,479,29,89,77,false
2021-08-29 22:20:23,2021-08-30 21:17:06,UTC-07:00,2021-08-29 22:20:23,2021-08-30 07:27:29,87,15.0,466,546,262,92,112,80,533,33,86,78,false
2021-08-29 00:22:27,2021-08-29 22:20:23,UTC-07:00,2021-08-29 00:22:27,2021-08-29 07:55:28,85,14.8,417,452,259,70,88,35,490,0,93,65,false
2021-08-27 21:14:00,2021-08-29 00:22:27,UTC-07:00,2021-08-27 21:14:00,2021-08-28 08:22:00,100,14.7,567,668,404,89,74,101,509,17,88,72,false
2021-08-26 23:06:46,2021-08-27 21:14:00,UTC-07:00,2021-08-26 23:06:46,2021-08-27 07:32:12,92,15.3,439,503,276,100,63,64,476,2,87,81,false
2021-08-25 22:11:24,2021-08-26 23:06:46,UTC-07:00,2021-08-25 22:11:24,2021-08-26 06:37:10,99,15.1,475,505,319,102,54,30,480,0,95,86,false
2021-08-24 21:52:32,2021-08-25 22:11:24,UTC-07:00,2021-08-24 21:52:32,2021-08-25 07:28:36,100,15.4,495,572,252,133,110,77,465,14,88,81,false
2021-08-23 22:21:45,2021-08-24 21:52:32,UTC-07:00,2021-08-23 22:21:45,2021-08-24 06:57:50,95,16.9,457,515,301,106,50,58,481,31,88,78,false
2021-08-22 21:45:21,2021-08-23 22:21:45,UTC-07:00,2021-08-22 21:45:21,2021-08-23 06:55:22,86,14.8,495,543,319,137,39,48,576,53,91,70,false
2021-08-21 22:59:34,2021-08-22 21:45:21,UTC-07:00,2021-08-21 22:59:34,2021-08-22 05:20:40,76,14.2,343,381,184,113,46,38,450,0,90,72,false
2021-08-20 21:50:56,2021-08-21 22:59:34,UTC-07:00,2021-08-20 21:50:56,2021-08-21 08:56:33,100,14.4,621,666,421,110,90,45,450,0,93,74,false
2021-08-19 22:16:46,2021-08-20 21:50:56,UTC-07:00,2021-08-19 22:16:46,2021-08-20 07:44:46,100,14.5,528,555,286,133,109,27,504,17,94,83,false
2021-08-18 23:31:28,2021-08-19 22:16:46,UTC-07:00,2021-08-18 23:31:28,2021-08-19 07:27:25,92,14.5,454,474,301,124,29,20,492,0,95,74,false
2021-08-17 21:17:10,2021-08-18 23:31:28,UTC-07:00,2021-08-17 21:17:10,2021-08-18 07:05:59,100,14.9,547,589,315,114,118,42,452,0,94,85,false
2021-08-16 21:25:09,2021-08-17 21:17:10,UTC-07:00,2021-08-16 21:25:09,2021-08-17 07:22:11,100,14.5,498,595,324,116,58,97,486,35,83,80,false
2021-08-15 22:55:56,2021-08-16 21:25:09,UTC-07:00,2021-08-15 22:55:56,2021-08-16 07:06:21,84,15.1,431,490,279,56,96,59,514,0,88,67,false
2021-08-14 21:39:47,2021-08-15 22:55:56,UTC-07:00,2021-08-14 21:39:47,2021-08-15 08:36:41,100,14.4,589,656,403,128,58,67,502,0,89,,false
2021-08-13 21:22:40,2021-08-14 21:39:47,UTC-07:00,2021-08-13 21:22:40,2021-08-14 06:28:21,100,15.4,506,543,337,107,62,37,491,40,94,,false
2021-08-12 23:30:28,2021-08-13 21:22:40,UTC-07:00,2021-08-12 23:30:28,2021-08-13 07:06:37,82,14.2,415,449,253,127,35,34,505,40,95,,false
2021-08-07 22:07:11,2021-08-08 21:49:29,UTC-07:00,2021-08-07 22:07:11,2021-08-08 05:58:01,82,15.2,407,470,256,70,81,63,493,0,86,76,false
2021-08-06 21:49:29,2021-08-07 22:07:11,UTC-07:00,2021-08-06 21:49:29,2021-08-07 08:20:51,100,14.6,566,612,285,131,150,46,536,53,92,72,false
2021-08-05 23:49:24,2021-08-06 21:49:29,UTC-07:00,2021-08-05 23:49:24,2021-08-06 07:09:16,76,14.9,390,434,278,60,52,44,511,33,91,84,false
2021-08-05 00:11:52,2021-08-05 23:49:24,UTC-07:00,2021-08-05 00:11:52,2021-08-05 07:47:00,85,14.5,434,447,274,68,92,13,507,24,97,77,false
2021-08-03 22:20:17,2021-08-05 00:11:52,UTC-07:00,2021-08-03 22:20:17,2021-08-04 06:43:13,89,14.3,447,493,261,93,93,46,502,0,92,85,false
2021-08-02 22:43:10,2021-08-03 22:20:17,UTC-07:00,2021-08-02 22:43:10,2021-08-03 07:46:10,100,15.1,483,535,260,130,93,52,479,28,92,85,false
2021-08-01 23:49:13,2021-08-02 22:43:10,UTC-07:00,2021-08-01 23:49:13,2021-08-02 08:05:34,90,14.5,435,493,226,115,94,58,484,20,90,87,false
2021-07-31 23:11:49,2021-08-01 23:49:13,UTC-07:00,2021-07-31 23:11:49,2021-08-01 07:25:32,93,14.6,468,494,282,125,61,26,501,11,97,85,false
2021-07-30 23:20:32,2021-07-31 23:11:49,UTC-07:00,2021-07-30 23:20:32,2021-07-31 08:04:39,96,15.5,484,523,301,117,66,39,504,31,93,82,false
2021-07-29 23:42:37,2021-07-30 23:20:32,UTC-07:00,2021-07-29 23:42:37,2021-07-30 07:25:41,86,14.5,420,461,276,87,57,41,491,2,92,85,false
2021-07-28 22:06:35,2021-07-29 23:42:37,UTC-07:00,2021-07-28 22:06:35,2021-07-29 07:20:34,99,14.7,496,554,299,115,82,58,503,53,89,76,false
2021-07-28 00:12:25,2021-07-28 22:06:35,UTC-07:00,2021-07-28 00:12:25,2021-07-28 07:24:33,76,14.7,408,432,233,78,97,24,534,58,95,80,false
2021-07-27 00:14:44,2021-07-28 00:12:25,UTC-07:00,2021-07-27 00:14:44,2021-07-27 06:45:46,74,15.1,351,391,238,63,50,40,471,0,89,73,false
2021-07-25 21:37:27,2021-07-27 00:14:44,UTC-07:00,2021-07-25 21:37:27,2021-07-26 07:22:53,100,15.2,525,585,240,129,156,60,489,38,90,77,false
2021-07-24 23:24:58,2021-07-25 21:37:27,UTC-07:00,2021-07-24 23:24:58,2021-07-25 06:40:57,83,15.0,407,434,306,79,22,27,491,0,96,78,false
2021-07-23 22:04:40,2021-07-24 23:24:58,UTC-07:00,2021-07-23 22:04:40,2021-07-24 08:06:53,100,14.7,543,596,343,124,76,53,514,35,91,81,false
2021-07-22 23:31:17,2021-07-23 22:04:40,UTC-07:00,2021-07-22 23:31:17,2021-07-23 07:14:10,84,15.3,412,441,263,82,67,29,489,0,95,76,false
2021-07-21 21:53:13,2021-07-22 23:31:17,UTC-07:00,2021-07-21 21:53:13,2021-07-22 07:38:31,100,15.2,532,585,347,125,60,53,465,14,92,79,false
2021-07-20 21:20:33,2021-07-21 21:53:13,UTC-07:00,2021-07-20 21:20:33,2021-07-21 07:17:24,95,15.1,511,596,364,111,36,85,535,40,88,70,false
2021-07-19 23:08:44,2021-07-20 21:20:33,UTC-07:00,2021-07-19 23:08:44,2021-07-20 06:52:38,82,15.0,428,461,314,96,18,33,525,31,93,82,false
2021-07-18 22:38:44,2021-07-19 23:08:44,UTC-07:00,2021-07-18 22:38:44,2021-07-19 06:49:00,86,14.6,469,484,374,56,39,15,547,96,96,76,false
2021-07-18 00:49:57,2021-07-19 00:38:44,UTC-05:00,2021-07-18 00:49:57,2021-07-18 05:46:49,57,15.0,275,297,188,68,19,22,483,33,95,83,false
2021-07-17 01:00:03,2021-07-18 00:49:57,UTC-05:00,2021-07-17 01:00:03,2021-07-17 08:48:24,85,15.1,445,468,369,66,10,23,525,69,95,78,false
2021-07-15 22:55:57,2021-07-16 23:00:03,UTC-07:00,2021-07-15 22:55:57,2021-07-16 04:56:17,69,15.0,343,360,233,99,11,17,495,33,96,80,false
2021-07-14 23:50:26,2021-07-15 22:55:57,UTC-07:00,2021-07-14 23:50:26,2021-07-15 07:14:28,85,15.0,399,443,217,75,107,44,470,0,91,67,false
2021-07-13 21:21:46,2021-07-14 23:50:26,UTC-07:00,2021-07-13 21:21:46,2021-07-14 06:36:25,100,14.8,503,551,405,85,13,48,451,0,92,88,false
2021-07-12 21:25:28,2021-07-13 21:21:46,UTC-07:00,2021-07-12 21:25:28,2021-07-13 07:03:39,100,16.0,468,578,288,161,19,110,452,0,81,84,false
2021-07-11 21:29:35,2021-07-12 21:25:28,UTC-07:00,2021-07-11 21:29:35,2021-07-12 07:28:49,100,14.9,562,594,395,103,64,32,450,0,94,76,false
2021-07-10 21:55:23,2021-07-11 21:29:35,UTC-07:00,2021-07-10 21:55:23,2021-07-11 06:26:26,100,14.9,488,505,276,92,120,17,487,0,98,84,false
2021-07-09 22:49:17,2021-07-10 21:55:23,UTC-07:00,2021-07-09 22:49:17,2021-07-10 08:15:25,100,15.3,486,566,306,100,80,80,488,0,87,81,false
2021-07-08 22:01:12,2021-07-09 22:49:17,UTC-07:00,2021-07-08 22:01:12,2021-07-09 08:00:36,100,14.4,548,594,328,103,117,46,506,20,92,77,false
2021-07-08 00:21:49,2021-07-08 22:01:12,UTC-07:00,2021-07-08 00:21:49,2021-07-08 08:18:19,91,14.4,447,476,353,67,27,29,490,0,95,61,false
2021-07-06 21:18:34,2021-07-08 00:21:49,UTC-07:00,2021-07-06 21:18:34,2021-07-07 07:32:32,100,15.2,502,611,320,92,90,109,502,8,84,80,false
2021-07-05 21:59:12,2021-07-06 21:18:34,UTC-07:00,2021-07-05 21:59:12,2021-07-06 07:08:07,97,15.2,465,549,271,100,94,84,477,0,84,83,false
2021-07-04 22:08:40,2021-07-05 21:59:12,UTC-07:00,2021-07-04 22:08:40,2021-07-05 06:35:58,100,14.2,478,507,293,106,79,29,450,0,94,82,false
2021-07-03 22:41:05,2021-07-04 22:08:40,UTC-07:00,2021-07-03 22:41:05,2021-07-04 07:46:00,100,14.7,477,544,273,112,92,67,473,22,87,81,false
2021-07-02 23:23:03,2021-07-03 22:41:05,UTC-07:00,2021-07-02 23:23:03,2021-07-03 07:08:27,90,15.1,429,465,273,84,72,36,479,0,92,71,false
2021-07-01 21:13:45,2021-07-02 23:23:03,UTC-07:00,2021-07-01 21:13:45,2021-07-02 08:30:00,100,15.4,506,676,311,108,87,170,505,20,75,68,false
2021-06-30 22:35:32,2021-07-01 21:13:45,UTC-07:00,2021-06-30 22:35:32,2021-07-01 06:52:21,93,15.0,460,496,302,96,62,36,495,5,92,86,false
2021-06-29 23:34:16,2021-06-30 22:35:32,UTC-07:00,2021-06-29 23:34:16,2021-06-30 07:31:10,98,14.9,448,476,314,111,23,28,456,5,95,81,false
2021-06-28 22:08:11,2021-06-29 23:34:16,UTC-07:00,2021-06-28 22:08:11,2021-06-29 07:25:46,98,15.0,509,557,367,87,55,48,517,44,91,82,false
2021-06-27 21:53:23,2021-06-28 22:08:11,UTC-07:00,2021-06-27 21:53:23,2021-06-28 06:10:59,80,14.8,419,497,282,92,45,78,525,40,84,76,false
2021-06-26 23:28:26,2021-06-27 21:53:23,UTC-07:00,2021-06-26 23:28:26,2021-06-27 07:25:20,86,14.4,443,476,330,84,29,33,513,62,93,,false
2021-06-26 00:08:48,2021-06-26 23:28:26,UTC-07:00,2021-06-26 00:08:48,2021-06-26 07:22:38,72,15.1,370,433,280,65,25,63,516,40,89,,false
2021-06-24 23:17:06,2021-06-26 00:08:48,UTC-07:00,2021-06-24 23:17:06,2021-06-25 07:21:38,82,15.6,398,484,290,84,24,86,483,0,83,,false
